pclass,survived,age,sibsp,parch,fare,family_size,sex_female,sex_male,embarked_C,embarked_Q,embarked_S
1,1,0.36116883556110047,0.0,0.0,0.41250332793836464,1,1,0,0,0,1
1,1,0.009394575947630879,0.125,0.2222222222222222,0.29580589980036276,4,0,1,0,0,1
1,0,0.02296410144638894,0.125,0.2222222222222222,0.29580589980036276,4,1,0,0,0,1
1,0,0.3736949368246083,0.125,0.2222222222222222,0.29580589980036276,4,0,1,0,0,1
1,0,0.3110644305070691,0.125,0.2222222222222222,0.29580589980036276,4,1,0,0,0,1
1,1,0.5991647595677494,0.0,0.0,0.05182214872781017,1,0,1,0,0,1
1,1,0.7870562785203667,0.125,0.0,0.15216446768991498,2,1,0,0,0,1
1,0,0.48642984819617885,0.0,0.0,0.0,1,0,1,0,0,1
1,1,0.6617952658852885,0.24999999999999997,0.0,0.10048070654571319,3,1,0,0,0,1
1,0,0.8872650886284295,0.0,0.0,0.09662576327876685,1,0,1,1,0,0
1,0,0.5866386583042416,0.125,0.0,0.4440992237022602,2,0,1,1,0,0
1,1,0.2233817216625143,0.125,0.0,0.4440992237022602,2,1,0,1,0,0
1,1,0.2985383292435613,0.0,0.0,0.13526459159462315,1,1,0,1,0,0
1,1,0.32359053177057695,0.0,0.0,0.15390495017656614,1,1,0,0,0,1
1,1,1.0,0.0,0.0,0.05855610025741262,1,0,1,0,0,1
1,0,0.3486427342975926,0.0,0.0,0.0506022299724474,1,0,1,0,0,1
1,0,0.2985383292435613,0.0,0.11111111111111109,0.4831284260198326,2,0,1,1,0,0
1,1,0.6242169620947651,0.0,0.11111111111111109,0.4831284260198326,2,1,0,1,0,0
1,1,0.398747139351624,0.0,0.0,0.1489114811336149,1,1,0,1,0,0
1,0,0.44885154440565533,0.0,0.0,0.14686201762460543,1,0,1,1,0,0
1,1,0.46137764566916317,0.125,0.11111111111111109,0.10257896680493714,3,0,1,0,0,1
1,1,0.5866386583042416,0.125,0.11111111111111109,0.10257896680493714,3,1,0,0,0,1
1,1,0.32359053177057695,0.0,0.0,0.05855610025741262,1,0,1,1,0,0
1,1,0.5240081519867024,0.0,0.0,0.4440992237022602,1,1,0,1,0,0
1,1,0.36116883556110047,0.0,0.0,0.4328841690069588,1,1,0,0,0,1
1,0,0.3110644305070691,0.0,0.0,0.05074862022309093,1,0,1,1,0,0
1,1,0.3110644305070691,0.125,0.0,0.17777475888549785,2,0,1,1,0,0
1,1,0.23590782292602214,0.125,0.0,0.17777475888549785,2,1,0,1,0,0
1,1,0.4363254431421475,0.0,0.0,0.2647385704347907,1,1,0,0,0,1
1,1,0.3486427342975926,0.0,0.0,0.05182214872781017,1,0,1,0,0,1
1,0,0.5615864557772259,0.0,0.0,0.06929138530460494,1,0,1,0,0,1
1,1,0.4989559494596867,0.0,0.0,0.060507970265993034,1,0,1,1,0,0
1,1,0.3736949368246083,0.0,0.0,0.32179836714362564,1,1,0,0,0,1
1,1,0.7244257722028277,0.0,0.0,0.05182214872781017,1,1,0,0,0,1
1,0,0.5240081519867024,0.0,0.0,0.05182214872781017,1,0,1,0,0,1
1,1,0.5615864557772259,0.0,0.0,0.5121218935012879,1,1,0,1,0,0
1,1,0.27348612671654565,0.0,0.11111111111111109,0.10735285047192314,2,1,0,0,0,1
1,1,0.3486427342975926,0.0,0.0,0.05182214872781017,1,0,1,0,0,1
1,0,0.5114820507231945,0.0,0.0,0.05953203526170282,1,0,1,0,0,1
1,0,0.5991647595677494,0.0,0.0,0.09856123757927521,1,0,1,1,0,0
1,0,0.3486427342975926,0.0,0.0,0.07729405233978466,1,0,1,1,0,0
1,1,0.549060354513718,0.0,0.0,0.05410739813385612,1,1,0,1,0,0
1,1,0.7369518734663355,0.24999999999999997,0.0,0.10048070654571319,3,1,0,0,0,1
1,1,0.7494779747298433,0.0,0.0,0.1489114811336149,1,1,0,1,0,0
1,1,0.5114820507231945,0.0,0.0,0.2625265161540666,1,1,0,1,0,0
1,0,0.5615864557772259,0.0,0.0,0.05182214872781017,1,0,1,0,0,1
1,0,0.3486427342975926,0.0,0.0,0.060507970265993034,1,0,1,0,0,1
1,1,0.5240081519867024,0.0,0.0,0.05130978285055781,1,0,1,0,0,1
1,1,0.6617952658852885,0.0,0.0,0.0535706338814965,1,1,0,1,0,0
1,1,0.44885154440565533,0.0,0.11111111111111109,1.0,2,0,1,1,0,0
1,1,0.7244257722028277,0.0,0.11111111111111109,1.0,2,1,0,1,0,0
1,0,0.4112732406151318,0.0,0.0,0.009759350042902105,1,0,1,0,0,1
1,0,0.3486427342975926,0.0,0.0,0.09193307740413781,1,0,1,0,0,1
1,0,0.21085562039900646,0.0,0.0,0.09193307740413781,1,0,1,0,0,1
1,1,0.13569901281795946,0.125,0.2222222222222222,0.23422440102965048,4,0,1,0,0,1
1,1,0.17327731660848295,0.125,0.2222222222222222,0.23422440102965048,4,1,0,0,0,1
1,1,0.44885154440565533,0.125,0.2222222222222222,0.23422440102965048,4,0,1,0,0,1
1,1,0.44885154440565533,0.125,0.2222222222222222,0.23422440102965048,4,1,0,0,0,1
1,0,0.6116908608312571,0.0,0.0,0.05074862022309093,1,0,1,0,0,1
1,1,0.3486427342975926,0.0,0.0,0.05410739813385612,1,1,0,1,0,0
1,0,0.44885154440565533,0.125,0.0,0.15390495017656614,2,0,1,0,0,1
1,1,0.9498955949459686,0.125,0.0,0.15390495017656614,2,1,0,0,0,1
1,0,0.5741125570407337,0.125,0.0,0.11940564777490723,2,0,1,0,0,1
1,1,0.5866386583042416,0.125,0.0,0.11940564777490723,2,1,0,0,0,1
1,1,0.3361166330340848,0.125,0.0,0.10364429745562034,2,0,1,0,0,1
1,1,0.4112732406151318,0.125,0.0,0.10364429745562034,2,1,0,0,0,1
1,1,0.44885154440565533,0.0,0.0,0.5121218935012879,1,1,0,1,0,0
1,1,0.3736949368246083,0.0,0.0,0.16883675574220638,1,1,0,0,0,1
1,1,0.5615864557772259,0.0,0.0,0.057970539254838485,1,0,1,1,0,0
1,1,0.3486427342975926,0.0,0.11111111111111109,0.10735285047192314,2,1,0,0,0,1
1,0,0.3486427342975926,0.0,0.0,0.0,1,0,1,0,0,1
1,0,0.3361166330340848,0.125,0.0,0.26697521827762305,2,0,1,1,0,0
1,1,0.32359053177057695,0.125,0.0,0.26697521827762305,2,1,0,1,0,0
1,1,0.27348612671654565,0.0,0.0,0.29580589980036276,1,1,0,0,0,1
1,0,0.3486427342975926,0.0,0.0,0.10149724044618187,1,0,1,0,0,1
1,0,0.5866386583042416,0.0,0.0,0.04994347384455151,1,0,1,0,0,1
1,1,0.48642984819617885,0.125,0.11111111111111109,0.16231419173453318,3,1,0,1,0,0
1,0,0.46137764566916317,0.125,0.11111111111111109,0.16231419173453318,3,0,1,1,0,0
1,1,0.7995823797838746,0.0,0.2222222222222222,0.16231419173453318,3,1,0,1,0,0
1,1,0.6868474684123042,0.24999999999999997,0.0,0.05016305922051681,3,1,0,0,0,1
1,0,0.3486427342975926,0.0,0.0,0.05182214872781017,1,0,1,0,0,1
1,0,0.8747389873649216,0.125,0.11111111111111109,0.13858277060920987,3,0,1,0,0,1
1,1,0.44885154440565533,0.0,0.2222222222222222,0.13858277060920987,3,1,0,0,0,1
1,1,0.7995823797838746,0.125,0.11111111111111109,0.05182214872781017,3,1,0,0,0,1
1,0,0.48642984819617885,0.125,0.0,0.13913573538264068,2,0,1,1,0,0
1,1,0.473903746932671,0.125,0.0,0.13913573538264068,2,1,0,1,0,0
1,1,0.6367430633582729,0.0,0.0,0.05182214872781017,1,0,1,0,0,1
1,1,0.3361166330340848,0.0,0.0,0.05953203526170282,1,0,1,0,0,1
1,1,0.4112732406151318,0.0,0.0,0.29580589980036276,1,1,0,0,0,1
1,0,0.38622103808811614,0.125,0.0,0.10149724044618187,2,0,1,0,0,1
1,1,0.3361166330340848,0.125,0.2222222222222222,0.10149724044618187,4,1,0,0,0,1
1,1,0.38622103808811614,0.125,0.0,0.11125659048908397,2,0,1,0,0,1
1,1,0.21085562039900646,0.125,0.0,0.11125659048908397,2,1,0,0,0,1
1,1,0.6617952658852885,0.125,0.11111111111111109,0.15977676072337865,3,0,1,0,0,1
1,1,0.04801630397340462,0.0,0.2222222222222222,0.15977676072337865,3,0,1,0,0,1
1,1,0.6743213671487964,0.125,0.11111111111111109,0.15977676072337865,3,1,0,0,0,1
1,0,0.6242169620947651,0.125,0.0,0.2077277656631713,2,0,1,1,0,0
1,1,0.3361166330340848,0.125,0.11111111111111109,0.4831284260198326,3,1,0,1,0,0
1,1,0.5991647595677494,0.125,0.0,0.2077277656631713,2,1,0,1,0,0
1,1,0.5991647595677494,0.125,0.0,0.07729405233978466,2,1,0,1,0,0
1,1,0.6116908608312571,0.125,0.0,0.11111839809247648,2,0,1,1,0,0
1,0,0.48642984819617885,0.0,0.0,0.057970539254838485,1,0,1,1,0,0
1,1,0.28601222798005344,0.0,0.11111111111111109,0.16231419173453318,2,1,0,1,0,0
1,1,0.473903746932671,0.0,0.0,0.4440992237022602,1,1,0,1,0,0
1,1,0.6743213671487964,0.125,0.0,0.1527664244005612,2,1,0,1,0,0
1,0,0.44885154440565533,0.0,0.0,0.06183368037582086,1,1,0,1,0,0
1,0,0.3486427342975926,0.0,0.0,0.4328841690069588,1,0,1,0,0,1
1,1,0.3486427342975926,0.0,0.0,0.06184168304285603,1,1,0,0,0,1
1,1,0.3486427342975926,0.0,0.0,0.21642978772242538,1,1,0,1,0,0
1,1,0.44885154440565533,0.0,0.0,0.051504969851415845,1,0,1,0,0,1
1,0,0.3736949368246083,0.0,0.0,0.05416439273810667,1,0,1,1,0,0
1,1,0.2985383292435613,0.375,0.2222222222222222,0.5133418122566507,6,1,0,0,0,1
1,1,0.3486427342975926,0.375,0.2222222222222222,0.5133418122566507,6,1,0,0,0,1
1,1,0.28601222798005344,0.375,0.2222222222222222,0.5133418122566507,6,1,0,0,0,1
1,0,0.23590782292602214,0.375,0.2222222222222222,0.5133418122566507,6,0,1,0,0,1
1,0,0.7995823797838746,0.125,0.4444444444444444,0.5133418122566507,6,0,1,0,0,1
1,1,0.7494779747298433,0.125,0.4444444444444444,0.5133418122566507,6,1,0,0,0,1
1,1,0.3736949368246083,0.0,0.0,0.11111839809247648,1,1,0,1,0,0
1,0,0.3486427342975926,0.0,0.0,0.05182214872781017,1,0,1,0,0,1
1,1,0.6242169620947651,0.24999999999999997,0.0,0.2608674266467732,3,0,1,0,0,1
1,1,0.5365342532502102,0.125,0.0,0.05410739813385612,2,0,1,1,0,0
1,1,0.3486427342975926,0.125,0.0,0.2608674266467732,2,1,0,0,0,1
1,1,0.27348612671654565,0.0,0.2222222222222222,0.09661756542473082,3,1,0,1,0,0
1,1,0.7494779747298433,0.125,0.11111111111111109,0.15458810467956932,3,0,1,1,0,0
1,1,0.5991647595677494,0.125,0.11111111111111109,0.15458810467956932,3,1,0,1,0,0
1,0,0.3486427342975926,0.0,0.0,0.0,1,0,1,0,0,1
1,0,0.46137764566916317,0.125,0.0,0.10364429745562034,2,0,1,0,0,1
1,1,0.4363254431421475,0.125,0.0,0.10364429745562034,2,1,0,0,0,1
1,0,0.5866386583042416,0.0,0.0,0.07514699533034619,1,0,1,0,0,1
1,1,0.4363254431421475,0.0,0.0,0.41282050681475896,1,1,0,1,0,0
1,1,0.27348612671654565,0.0,0.11111111111111109,0.11594107850967697,2,1,0,1,0,0
1,1,0.5615864557772259,0.0,0.11111111111111109,0.11594107850967697,2,1,0,1,0,0
1,0,0.2985383292435613,0.0,0.0,0.15458810467956932,1,0,1,1,0,0
1,1,0.6116908608312571,0.125,0.0,0.17391981561855152,2,0,1,1,0,0
1,1,0.3486427342975926,0.125,0.0,0.17391981561855152,2,1,0,1,0,0
1,0,0.8872650886284295,0.0,0.0,0.06764049365134761,1,0,1,1,0,0
1,1,0.6617952658852885,0.0,0.0,0.055628295244541985,1,0,1,1,0,0
1,1,0.23590782292602214,0.0,0.0,0.05855610025741262,1,1,0,0,0,1
1,0,0.473903746932671,0.0,0.11111111111111109,0.29953885119177276,2,0,1,0,0,1
1,1,0.7244257722028277,0.0,0.11111111111111109,0.29953885119177276,2,1,0,0,0,1
1,1,0.28601222798005344,0.0,0.11111111111111109,0.12366716556464086,2,0,1,1,0,0
1,1,0.5615864557772259,0.0,0.11111111111111109,0.12366716556464086,2,1,0,1,0,0
1,0,0.5741125570407337,0.0,0.0,0.15458810467956932,1,0,1,1,0,0
1,1,0.3110644305070691,0.125,0.0,0.1082149914547131,2,0,1,1,0,0
1,1,0.3110644305070691,0.125,0.0,0.1082149914547131,2,1,0,1,0,0
1,1,0.5991647595677494,0.125,0.0,0.14976542426236883,2,0,1,1,0,0
1,1,0.6116908608312571,0.125,0.0,0.14976542426236883,2,1,0,1,0,0
1,0,0.3486427342975926,0.0,0.0,0.08275928836380983,1,0,1,0,0,1
1,0,0.5615864557772259,0.125,0.0,0.16293234896625058,2,0,1,0,0,1
1,1,0.4363254431421475,0.125,0.0,0.16293234896625058,2,1,0,0,0,1
1,0,0.4989559494596867,0.0,0.0,0.0,1,0,1,0,0,1
1,1,0.3361166330340848,0.0,0.0,0.14976542426236883,1,0,1,1,0,0
1,1,0.3486427342975926,0.0,0.0,0.05855610025741262,1,0,1,0,0,1
1,1,0.2985383292435613,0.0,0.0,0.16231419173453318,1,1,0,1,0,0
1,0,0.6868474684123042,0.125,0.11111111111111109,0.18249984580226936,3,0,1,0,0,1
1,1,0.6492691646217807,0.125,0.11111111111111109,0.18249984580226936,3,1,0,0,0,1
1,0,0.5240081519867024,0.0,0.0,0.08295447536466788,1,0,1,0,0,1
1,0,0.3486427342975926,0.0,0.0,0.10122885832000206,1,0,1,0,0,1
1,0,0.6868474684123042,0.0,0.0,0.09759350042902103,1,0,1,0,0,1
1,1,0.19832951913549865,0.0,0.11111111111111109,0.11316786160148593,2,1,0,1,0,0
1,1,0.549060354513718,0.0,0.11111111111111109,0.11316786160148593,2,1,0,1,0,0
1,1,0.6367430633582729,0.125,0.0,0.15216446768991498,2,1,0,0,0,1
1,0,0.5240081519867024,0.125,0.0,0.10149724044618187,2,0,1,0,0,1
1,1,0.4363254431421475,0.125,0.0,0.10149724044618187,2,1,0,0,0,1
1,1,0.4363254431421475,0.0,0.0,0.05182214872781017,1,0,1,1,0,0
1,1,0.473903746932671,0.125,0.0,0.17566830077223783,2,0,1,0,0,1
1,0,0.3486427342975926,0.0,0.0,0.05991421140938287,1,0,1,1,0,0
1,1,0.4363254431421475,0.125,0.0,0.17566830077223783,2,1,0,0,0,1
1,1,0.473903746932671,0.0,0.0,0.15614960068643363,1,1,0,0,0,1
1,0,0.6242169620947651,0.0,0.0,0.05604306762136532,1,1,0,1,0,0
1,1,0.6116908608312571,0.0,0.0,0.0,1,0,1,0,0,1
1,0,0.5741125570407337,0.0,0.0,0.05074862022309093,1,0,1,0,0,1
1,0,0.6242169620947651,0.0,0.0,0.05074862022309093,1,0,1,0,0,1
1,0,0.4050101899833779,0.0,0.0,0.41282050681475896,1,0,1,1,0,0
1,0,0.7244257722028277,0.0,0.0,0.057970539254838485,1,0,1,1,0,0
1,0,0.5114820507231945,0.125,0.0,0.10122885832000206,2,0,1,0,0,1
1,1,0.3486427342975926,0.125,0.0,0.10122885832000206,2,1,0,0,0,1
1,1,0.5240081519867024,0.125,0.0,0.10257896680493714,2,0,1,0,0,1
1,1,0.5615864557772259,0.125,0.0,0.10257896680493714,2,1,0,0,0,1
1,0,0.3486427342975926,0.0,0.0,0.05182214872781017,1,0,1,0,0,1
1,1,0.48642984819617885,0.0,0.0,0.41250332793836464,1,1,0,0,0,1
1,1,0.6116908608312571,0.0,0.0,0.050610427826483444,1,1,0,0,0,1
1,1,0.3736949368246083,0.0,0.0,0.2077277656631713,1,1,0,1,0,0
1,1,0.4363254431421475,0.0,0.0,1.0,1,0,1,1,0,0
1,0,0.3486427342975926,0.0,0.0,0.05410739813385612,1,0,1,1,0,0
1,0,0.5240081519867024,0.0,0.0,0.05182214872781017,1,0,1,0,0,1
1,1,0.6868474684123042,0.0,0.0,0.05410739813385612,1,1,0,1,0,0
1,1,0.19832951913549865,0.0,0.11111111111111109,0.07690367833806856,2,1,0,0,0,1
1,1,0.6367430633582729,0.0,0.11111111111111109,0.07690367833806856,2,1,0,0,0,1
1,0,0.36116883556110047,0.0,0.0,0.05855610025741262,1,0,1,0,0,1
1,1,0.2609600254530378,0.0,0.0,0.15216446768991498,1,1,0,0,0,1
1,0,0.3736949368246083,0.0,0.0,0.08881008539040913,1,0,1,0,0,1
1,1,0.7244257722028277,0.0,0.0,0.28598955515321006,1,1,0,1,0,0
1,1,0.18580341787199078,0.0,0.11111111111111109,0.41250332793836464,2,1,0,0,0,1
1,0,0.3736949368246083,0.0,0.0,0.05074862022309093,1,0,1,0,0,1
1,1,0.19832951913549865,0.0,0.0,0.16883675574220638,1,1,0,0,0,1
1,1,0.3486427342975926,0.0,0.0,0.057970539254838485,1,0,1,1,0,0
1,0,0.23590782292602214,0.125,0.0,0.10364429745562034,2,0,1,0,0,1
1,1,0.2233817216625143,0.125,0.0,0.10364429745562034,2,1,0,0,0,1
1,1,0.2985383292435613,0.0,0.0,0.09662576327876685,1,1,0,1,0,0
1,0,0.5741125570407337,0.0,0.0,0.14686201762460543,1,0,1,1,0,0
1,0,0.6743213671487964,0.0,0.0,0.10122885832000206,1,0,1,0,0,1
1,1,0.44885154440565533,0.0,0.0,0.05130978285055781,1,0,1,0,0,1
1,0,0.3486427342975926,0.125,0.0,0.16038672010106003,2,0,1,1,0,0
1,1,0.3486427342975926,0.125,0.0,0.16038672010106003,2,1,0,1,0,0
1,0,0.8121084810473824,0.0,0.0,0.05182214872781017,1,0,1,0,0,1
1,0,0.549060354513718,0.24999999999999997,0.0,0.17566830077223783,3,0,1,0,1,0
1,1,0.4112732406151318,0.125,0.0,0.17566830077223783,2,1,0,0,1,0
1,1,0.46137764566916317,0.125,0.0,0.17566830077223783,2,1,0,0,1,0
1,1,0.3736949368246083,0.125,0.0,0.11272049299551928,2,0,1,1,0,0
1,0,0.6868474684123042,0.0,0.0,0.05953203526170282,1,0,1,0,0,1
1,0,0.5866386583042416,0.0,0.0,0.08275928836380983,1,0,1,0,0,1
1,0,0.46137764566916317,0.0,0.11111111111111109,0.057970539254838485,2,0,1,1,0,0
1,1,0.38622103808811614,0.125,0.0,0.22109807522194713,2,1,0,1,0,0
1,1,0.28601222798005344,0.125,0.0,0.22109807522194713,2,1,0,1,0,0
1,0,0.7244257722028277,0.0,0.2222222222222222,0.22109807522194713,3,0,1,1,0,0
1,1,0.23590782292602214,0.0,0.2222222222222222,0.051301584996521765,3,1,0,0,0,1
1,0,0.7995823797838746,0.0,0.0,0.05074862022309093,1,0,1,0,0,1
1,1,0.48642984819617885,0.0,0.0,0.21255864393440782,1,1,0,1,0,0
1,1,0.3486427342975926,0.0,0.0,0.05024445219987461,1,0,1,1,0,0
1,1,0.27348612671654565,0.0,0.11111111111111109,0.1209753416358076,2,1,0,1,0,0
1,0,0.8121084810473824,0.0,0.11111111111111109,0.1209753416358076,2,0,1,1,0,0
1,0,0.35490578492934655,0.0,0.0,0.05410739813385612,1,0,1,1,0,0
1,0,0.3486427342975926,0.0,0.0,0.0,1,0,1,0,0,1
1,0,0.5678495064089797,0.0,0.0,0.055628295244541985,1,0,1,0,0,1
1,0,0.28601222798005344,0.0,0.0,0.18249984580226936,1,0,1,0,0,1
1,0,0.36116883556110047,0.125,0.0,0.12999454257145598,2,0,1,0,0,1
1,1,0.27348612671654565,0.125,0.0,0.12999454257145598,2,1,0,0,0,1
1,0,0.2233817216625143,0.125,0.0,0.21255864393440782,2,0,1,1,0,0
1,1,0.21085562039900646,0.125,0.0,0.21255864393440782,2,1,0,1,0,0
1,1,0.3736949368246083,0.0,0.0,0.18249984580226936,1,1,0,0,0,1
1,1,0.6492691646217807,0.0,0.0,0.05953203526170282,1,0,1,0,0,1
1,0,0.5866386583042416,0.0,0.0,0.10149724044618187,1,0,1,0,0,1
1,1,0.699373569675812,0.0,0.11111111111111109,0.16231419173453318,2,1,0,1,0,0
1,0,0.473903746932671,0.0,0.0,0.0,1,0,1,0,0,1
1,1,0.3486427342975926,0.0,0.0,0.07729405233978466,1,0,1,0,0,1
1,0,0.27348612671654565,0.0,0.0,0.2647385704347907,1,0,1,1,0,0
1,0,0.3486427342975926,0.0,0.0,0.4440992237022602,1,0,1,1,0,0
1,1,0.5365342532502102,0.0,0.11111111111111109,0.41250332793836464,2,1,0,0,0,1
1,0,0.38622103808811614,0.0,0.0,0.09856123757927521,1,0,1,0,0,1
1,1,0.5615864557772259,0.0,0.0,0.05182214872781017,1,0,1,0,0,1
1,0,0.3486427342975926,0.0,0.0,0.09759350042902103,1,0,1,0,0,1
1,1,0.4112732406151318,0.0,0.0,0.05410739813385612,1,1,0,1,0,0
1,0,0.5741125570407337,0.0,0.0,0.15458810467956932,1,0,1,1,0,0
1,0,0.44885154440565533,0.0,0.0,0.07831878409428937,1,0,1,1,0,0
1,1,0.4112732406151318,0.0,0.0,0.16883675574220638,1,1,0,0,0,1
1,0,0.6868474684123042,0.125,0.0,0.11594107850967697,2,0,1,1,0,0
1,1,0.6743213671487964,0.125,0.0,0.11594107850967697,2,1,0,1,0,0
1,0,0.4112732406151318,0.0,0.0,0.05182214872781017,1,0,1,0,0,1
1,1,0.16075121534497513,0.24999999999999997,0.2222222222222222,0.5121218935012879,5,0,1,1,0,0
1,1,0.2233817216625143,0.24999999999999997,0.2222222222222222,0.5121218935012879,5,1,0,1,0,0
1,1,0.2609600254530378,0.24999999999999997,0.2222222222222222,0.5121218935012879,5,1,0,1,0,0
1,0,0.7620040759933512,0.125,0.3333333333333333,0.5121218935012879,5,0,1,1,0,0
1,1,0.5991647595677494,0.125,0.3333333333333333,0.5121218935012879,5,1,0,1,0,0
1,1,0.3486427342975926,0.0,0.0,0.05953203526170282,1,0,1,0,0,1
1,1,0.2985383292435613,0.0,0.0,0.13526459159462315,1,1,0,1,0,0
1,1,0.3486427342975926,0.0,0.0,0.05074862022309093,1,0,1,0,0,1
1,1,0.4363254431421475,0.125,0.0,0.11272049299551928,2,1,0,1,0,0
1,1,0.3736949368246083,0.0,0.0,0.060507970265993034,1,1,0,1,0,0
1,1,0.42379934187863966,0.0,0.0,0.05182214872781017,1,0,1,0,0,1
1,1,0.4989559494596867,0.0,0.0,0.29953885119177276,1,1,0,0,0,1
1,1,0.4363254431421475,0.0,0.0,0.05130978285055781,1,0,1,0,0,1
1,0,0.6242169620947651,0.125,0.0,0.1091095334796455,2,0,1,0,0,1
1,1,0.48642984819617885,0.125,0.0,0.1091095334796455,2,1,0,0,0,1
1,1,0.699373569675812,0.0,0.0,0.06929138530460494,1,0,1,1,0,0
1,1,0.3486427342975926,0.0,0.0,0.06929138530460494,1,0,1,0,0,1
1,0,0.699373569675812,0.0,0.0,0.05182214872781017,1,0,1,0,0,1
1,0,0.699373569675812,0.0,0.0,0.05991421140938287,1,0,1,1,0,0
1,0,0.2985383292435613,0.125,0.0,0.11711220051482524,2,0,1,0,0,1
1,0,0.3486427342975926,0.0,0.0,0.05074862022309093,1,0,1,0,0,1
1,1,0.2233817216625143,0.125,0.0,0.11711220051482524,2,1,0,0,0,1
1,1,0.2985383292435613,0.125,0.0,0.1605739044348829,2,0,1,0,0,1
1,1,0.28601222798005344,0.125,0.0,0.1605739044348829,2,1,0,0,0,1
1,1,0.0730685065004203,0.0,0.2222222222222222,0.2625265161540666,3,0,1,1,0,0
1,1,0.5615864557772259,0.125,0.11111111111111109,0.2625265161540666,3,0,1,1,0,0
1,1,0.4989559494596867,0.125,0.11111111111111109,0.2625265161540666,3,1,0,1,0,0
1,0,0.7118996709393199,0.125,0.0,0.28598955515321006,2,0,1,1,0,0
1,1,0.3486427342975926,0.125,0.0,0.28598955515321006,2,1,0,1,0,0
1,1,0.398747139351624,0.0,0.0,0.05953203526170282,1,0,1,1,0,0
1,0,0.7745301772568589,0.0,0.0,0.05182214872781017,1,0,1,0,0,1
1,1,0.6743213671487964,0.125,0.0,0.1082149914547131,2,0,1,1,0,0
1,1,0.5365342532502102,0.125,0.0,0.1082149914547131,2,1,0,1,0,0
1,1,0.6492691646217807,0.125,0.0,0.1527664244005612,2,1,0,1,0,0
1,0,0.3486427342975926,0.0,0.0,0.05410739813385612,1,0,1,1,0,0
1,1,0.7745301772568589,0.0,0.0,0.15614960068643363,1,1,0,0,0,1
1,0,0.8371606835743981,0.125,0.0,0.4328841690069588,2,0,1,0,0,1
1,0,0.7870562785203667,0.125,0.0,0.4328841690069588,2,1,0,0,0,1
1,0,0.7620040759933512,0.0,0.0,0.06308600017332605,1,0,1,0,0,1
1,1,0.5991647595677494,0.0,0.0,0.050610427826483444,1,1,0,0,0,1
1,1,0.2233817216625143,0.0,0.2222222222222222,0.1554664461834305,3,1,0,0,0,1
1,0,0.6492691646217807,0.125,0.11111111111111109,0.1554664461834305,3,0,1,0,0,1
1,1,0.48642984819617885,0.125,0.11111111111111109,0.1554664461834305,3,1,0,0,0,1
1,1,0.5991647595677494,0.125,0.0,0.10149724044618187,2,0,1,0,0,1
1,1,0.3486427342975926,0.125,0.0,0.10149724044618187,2,1,0,0,0,1
1,0,0.6116908608312571,0.125,0.11111111111111109,0.21642978772242538,3,0,1,1,0,0
1,1,0.21085562039900646,0.0,0.2222222222222222,0.21642978772242538,3,0,1,1,0,0
1,1,0.48642984819617885,0.125,0.11111111111111109,0.21642978772242538,3,1,0,1,0,0
1,1,0.3486427342975926,0.0,0.0,0.15458810467956932,1,1,0,1,0,0
1,1,0.38622103808811614,0.0,0.0,0.05570149036986376,1,0,1,1,0,0
1,0,0.4989559494596867,0.0,0.0,0.05410739813385612,1,0,1,1,0,0
1,0,0.7620040759933512,0.0,0.0,0.06538764528744409,1,0,1,0,0,1
1,0,0.5866386583042416,0.0,0.0,0.06640417918791278,1,0,1,0,0,1
1,1,0.4363254431421475,0.0,0.0,1.0,1,1,0,1,0,0
1,0,0.7995823797838746,0.125,0.0,0.14687821814567664,2,0,1,1,0,0
1,1,0.7494779747298433,0.125,0.0,0.14687821814567664,2,1,0,1,0,0
1,0,0.7494779747298433,0.0,0.0,0.05182214872781017,1,0,1,0,0,1
1,0,0.6743213671487964,0.0,0.11111111111111109,0.15085515328815924,2,0,1,0,0,1
1,0,0.2609600254530378,0.0,0.11111111111111109,0.15085515328815924,2,0,1,0,0,1
1,1,0.6868474684123042,0.0,0.0,0.2647385704347907,1,1,0,1,0,0
1,1,0.38622103808811614,0.0,0.2222222222222222,0.32179836714362564,3,1,0,0,0,1
1,0,0.7118996709393199,0.125,0.11111111111111109,0.32179836714362564,3,0,1,0,0,1
1,1,0.5615864557772259,0.125,0.11111111111111109,0.32179836714362564,3,1,0,0,0,1
1,0,0.6242169620947651,0.125,0.11111111111111109,0.41282050681475896,3,0,1,1,0,0
1,0,0.3361166330340848,0.0,0.2222222222222222,0.41282050681475896,3,0,1,1,0,0
1,1,0.6242169620947651,0.125,0.11111111111111109,0.41282050681475896,3,1,0,1,0,0
1,1,0.2609600254530378,0.0,0.0,0.05182214872781017,1,1,0,0,0,1
1,0,0.6367430633582729,0.0,0.11111111111111109,0.11980421963065935,2,0,1,1,0,0
1,1,0.2609600254530378,0.0,0.11111111111111109,0.11980421963065935,2,0,1,1,0,0
1,0,0.3486427342975926,0.0,0.0,0.06831545030031472,1,0,1,0,0,1
1,1,0.38622103808811614,0.0,0.0,0.2625265161540666,1,1,0,1,0,0
1,1,0.3486427342975926,0.0,0.0,0.06929138530460494,1,0,1,0,0,1
1,0,0.7745301772568589,0.0,0.0,0.05182214872781017,1,0,1,0,0,1
1,1,0.44885154440565533,0.0,0.0,0.2647385704347907,1,1,0,1,0,0
2,0,0.3736949368246083,0.125,0.0,0.04684488020593009,2,0,1,1,0,0
2,1,0.3486427342975926,0.125,0.0,0.04684488020593009,2,1,0,1,0,0
2,0,0.3736949368246083,0.0,0.0,0.025374310111545464,1,0,1,0,0,1
2,0,0.2233817216625143,0.0,0.0,0.02244650509867483,1,0,1,0,0,1
2,0,0.3110644305070691,0.0,0.0,0.020494635090094408,1,0,1,0,0,1
2,0,0.42379934187863966,0.125,0.0,0.05074862022309093,2,0,1,0,0,1
2,1,0.44885154440565533,0.125,0.0,0.05074862022309093,2,1,0,0,0,1
2,0,0.7118996709393199,0.0,0.0,0.025374310111545464,1,0,1,0,0,1
2,0,0.2233817216625143,0.0,0.0,0.02244650509867483,1,0,1,0,0,1
2,0,0.28601222798005344,0.0,0.0,0.020494635090094408,1,0,1,0,0,1
2,1,0.44885154440565533,0.0,0.0,0.025374310111545464,1,1,0,0,0,1
2,0,0.3486427342975926,0.0,0.0,0.020494635090094408,1,0,1,0,0,1
2,0,0.6367430633582729,0.0,0.0,0.024447171857469766,1,0,1,0,0,1
2,1,0.398747139351624,0.125,0.0,0.05074862022309093,2,0,1,0,0,1
2,1,0.23590782292602214,0.125,0.0,0.05074862022309093,2,1,0,0,0,1
2,0,0.3486427342975926,0.0,0.0,0.05074862022309093,1,0,1,0,0,1
2,1,0.010438000182881157,0.24999999999999997,0.11111111111111109,0.07612293033463641,4,0,1,0,0,1
2,1,0.04801630397340462,0.24999999999999997,0.11111111111111109,0.07612293033463641,4,1,0,0,0,1
2,1,0.14822511408146727,0.24999999999999997,0.11111111111111109,0.07612293033463641,4,1,0,0,0,1
2,1,0.44885154440565533,0.0,0.3333333333333333,0.07612293033463641,4,1,0,0,0,1
2,1,0.42379934187863966,0.0,0.0,0.025374310111545464,1,0,1,0,0,1
2,1,0.23590782292602214,0.0,0.0,0.025374310111545464,1,1,0,0,0,1
2,0,0.28601222798005344,0.0,0.0,0.025374310111545464,1,0,1,0,0,1
2,0,0.32359053177057695,0.0,0.0,0.025374310111545464,1,0,1,0,0,1
2,0,0.5240081519867024,0.0,0.0,0.025374310111545464,1,0,1,0,0,1
2,0,0.3361166330340848,0.0,0.0,0.025374310111545464,1,0,1,0,0,1
2,1,0.2985383292435613,0.0,0.0,0.025374310111545464,1,1,0,0,0,1
2,1,0.18580341787199078,0.0,0.2222222222222222,0.07612293033463641,3,1,0,0,0,1
2,0,0.7494779747298433,0.125,0.11111111111111109,0.07612293033463641,3,0,1,0,0,1
2,1,0.4989559494596867,0.125,0.11111111111111109,0.07612293033463641,3,1,0,0,0,1
2,1,0.24843392418952998,0.125,0.0,0.05074862022309093,2,1,0,0,0,1
2,0,0.3110644305070691,0.125,0.0,0.05074862022309093,2,0,1,0,0,1
2,1,0.44885154440565533,0.0,0.0,0.025374310111545464,1,1,0,0,0,1
2,0,0.3110644305070691,0.0,0.0,0.025374310111545464,1,0,1,0,0,1
2,0,0.5240081519867024,0.0,0.0,0.025374310111545464,1,0,1,0,0,1
2,1,0.5240081519867024,0.0,0.0,0.025374310111545464,1,1,0,0,0,1
2,1,0.008349899102254366,0.0,0.2222222222222222,0.056604230248832196,3,0,1,0,0,1
2,1,0.32359053177057695,0.125,0.11111111111111109,0.056604230248832196,3,0,1,0,0,1
2,1,0.27348612671654565,0.125,0.11111111111111109,0.056604230248832196,3,1,0,0,0,1
2,1,0.4363254431421475,0.0,0.0,0.04098927018018883,1,1,0,0,0,1
2,0,0.3486427342975926,0.0,0.0,0.0,1,0,1,0,0,1
2,0,0.23590782292602214,0.0,0.0,0.025374310111545464,1,0,1,0,0,1
2,0,0.549060354513718,0.125,0.0,0.05074862022309093,2,1,0,0,0,1
2,0,0.6743213671487964,0.125,0.0,0.05074862022309093,2,0,1,0,0,1
2,0,0.6492691646217807,0.0,0.0,0.026350245115835676,1,0,1,0,0,1
2,0,0.46137764566916317,0.125,0.0,0.05074862022309093,2,0,1,0,0,1
2,0,0.36116883556110047,0.125,0.0,0.05074862022309093,2,1,0,0,0,1
2,1,0.3110644305070691,0.125,0.11111111111111109,0.05855610025741262,3,1,0,0,0,1
2,1,0.5615864557772259,0.0,0.2222222222222222,0.05855610025741262,3,1,0,0,0,1
2,0,0.36116883556110047,0.125,0.0,0.05074862022309093,2,0,1,0,0,1
2,1,0.3486427342975926,0.125,0.0,0.05074862022309093,2,1,0,0,0,1
2,0,0.36116883556110047,0.0,0.0,0.020494635090094408,1,0,1,0,0,1
2,0,0.3486427342975926,0.0,0.0,0.025374310111545464,1,0,1,0,0,1
2,1,0.2985383292435613,0.0,0.0,0.020494635090094408,1,0,1,0,0,1
2,1,0.09812070902743592,0.0,0.2222222222222222,0.05123658772523604,3,1,0,0,0,1
2,0,0.38622103808811614,0.125,0.11111111111111109,0.05123658772523604,3,0,1,0,0,1
2,1,0.38622103808811614,0.125,0.11111111111111109,0.05123658772523604,3,1,0,0,0,1
2,1,0.27348612671654565,0.0,0.0,0.020494635090094408,1,1,0,0,0,1
2,0,0.3736949368246083,0.0,0.0,0.025374310111545464,1,1,0,0,0,1
2,0,0.3486427342975926,0.0,0.0,0.04098927018018883,1,1,0,0,0,1
2,0,0.2609600254530378,0.0,0.0,0.02244650509867483,1,0,1,0,0,1
2,0,0.3486427342975926,0.0,0.0,0.0,1,0,1,0,0,1
2,1,0.09812070902743592,0.125,0.11111111111111109,0.07173122281533045,3,0,1,0,0,1
2,0,0.2233817216625143,0.0,0.0,0.1434624456306609,1,0,1,0,0,1
2,1,0.5991647595677494,0.0,0.2222222222222222,0.07173122281533045,3,1,0,0,0,1
2,1,0.3486427342975926,0.0,0.0,0.025374310111545464,1,1,0,0,0,1
2,0,0.398747139351624,0.0,0.0,0.025374310111545464,1,0,1,0,0,1
2,0,0.21085562039900646,0.0,0.0,0.1434624456306609,1,0,1,0,0,1
2,0,0.36116883556110047,0.125,0.0,0.05410739813385612,2,0,1,1,0,0
2,1,0.2985383292435613,0.125,0.0,0.05410739813385612,2,1,0,1,0,0
2,0,0.3110644305070691,0.0,0.0,0.061483905270283246,1,0,1,0,0,1
2,0,0.2233817216625143,0.0,0.0,0.1434624456306609,1,0,1,0,0,1
2,1,0.2233817216625143,0.0,0.11111111111111109,0.044893010197349675,2,1,0,0,0,1
2,1,0.42379934187863966,0.0,0.11111111111111109,0.044893010197349675,2,1,0,0,0,1
2,0,0.6743213671487964,0.0,0.0,0.05074862022309093,1,0,1,0,0,1
2,1,0.09812070902743592,0.0,0.2222222222222222,0.06343577527886367,3,0,1,0,0,1
2,0,0.5240081519867024,0.125,0.11111111111111109,0.06343577527886367,3,0,1,0,0,1
2,1,0.42379934187863966,0.125,0.11111111111111109,0.06343577527886367,3,1,0,0,0,1
2,1,0.3361166330340848,0.125,0.0,0.027049600139910042,2,1,0,1,0,0
2,1,0.3736949368246083,0.125,0.0,0.027049600139910042,2,1,0,1,0,0
2,0,0.28601222798005344,0.0,0.0,0.025374310111545464,1,0,1,0,0,1
2,0,0.2609600254530378,0.0,0.0,0.025374310111545464,1,0,1,0,0,1
2,0,0.2233817216625143,0.0,0.0,0.025374310111545464,1,0,1,0,0,1
2,0,0.4989559494596867,0.125,0.0,0.05074862022309093,2,0,1,0,0,1
2,1,0.36116883556110047,0.125,0.0,0.05074862022309093,2,1,0,0,0,1
2,0,0.2233817216625143,0.0,0.0,0.020494635090094408,1,0,1,0,0,1
2,0,0.44885154440565533,0.0,0.0,0.025374310111545464,1,0,1,0,0,1
2,0,0.3486427342975926,0.0,0.0,0.0,1,0,1,0,0,1
2,0,0.473903746932671,0.0,0.0,0.025374310111545464,1,1,0,0,0,1
2,0,0.4363254431421475,0.0,0.0,0.05074862022309093,1,0,1,0,0,1
2,0,0.473903746932671,0.125,0.0,0.04098927018018883,2,0,1,0,0,1
2,0,0.42379934187863966,0.125,0.0,0.04098927018018883,2,0,1,0,0,1
2,1,0.42379934187863966,0.0,0.0,0.025374310111545464,1,1,0,0,0,1
2,0,0.19832951913549865,0.0,0.0,0.05074862022309093,1,0,1,0,0,1
2,0,0.32359053177057695,0.0,0.0,0.020494635090094408,1,0,1,0,0,1
2,0,0.5866386583042416,0.0,0.0,0.020494635090094408,1,0,1,0,0,1
2,0,0.2609600254530378,0.125,0.0,0.02244650509867483,2,0,1,0,0,1
2,0,0.2609600254530378,0.125,0.0,0.02244650509867483,2,0,1,0,0,1
2,0,0.2985383292435613,0.0,0.0,0.026350245115835676,1,0,1,0,0,1
2,0,0.2985383292435613,0.0,0.0,0.025374310111545464,1,0,1,0,0,1
2,0,0.42379934187863966,0.0,0.0,0.025374310111545464,1,0,1,0,0,1
2,0,0.3736949368246083,0.0,0.0,0.025374310111545464,1,0,1,0,0,1
2,0,0.6492691646217807,0.0,0.0,0.025374310111545464,1,0,1,0,0,1
2,0,0.3736949368246083,0.0,0.0,0.025374310111545464,1,0,1,0,0,1
2,1,0.006263050631753919,0.125,0.11111111111111109,0.02830211512441609,3,0,1,0,0,1
2,1,0.2985383292435613,0.0,0.2222222222222222,0.02830211512441609,3,1,0,0,0,1
2,0,0.549060354513718,0.0,0.0,0.025374310111545464,1,0,1,0,0,1
2,1,0.0730685065004203,0.0,0.11111111111111109,0.06441171028315387,2,1,0,0,0,1
2,0,0.3486427342975926,0.0,0.11111111111111109,0.06441171028315387,2,0,1,0,0,1
2,1,0.7745301772568589,0.0,0.0,0.020494635090094408,1,0,1,0,0,1
2,0,0.3736949368246083,0.0,0.0,0.020494635090094408,1,0,1,0,0,1
2,1,0.08559460776392813,0.0,0.2222222222222222,0.05123658772523604,3,1,0,0,0,1
2,0,0.5365342532502102,0.125,0.11111111111111109,0.05123658772523604,3,0,1,0,0,1
2,1,0.5615864557772259,0.125,0.11111111111111109,0.05123658772523604,3,1,0,0,0,1
2,1,0.2985383292435613,0.125,0.2222222222222222,0.12687155055772734,4,1,0,0,0,1
2,1,0.2985383292435613,0.125,0.2222222222222222,0.12687155055772734,4,1,0,0,0,1
2,0,0.6116908608312571,0.125,0.2222222222222222,0.12687155055772734,4,0,1,0,0,1
2,1,0.5991647595677494,0.125,0.2222222222222222,0.12687155055772734,4,1,0,0,0,1
2,1,0.6868474684123042,0.0,0.0,0.031229920137286725,1,1,0,0,0,1
2,0,0.2985383292435613,0.24999999999999997,0.0,0.1434624456306609,3,0,1,0,0,1
2,0,0.398747139351624,0.24999999999999997,0.0,0.1434624456306609,3,0,1,0,0,1
2,0,0.2609600254530378,0.24999999999999997,0.0,0.1434624456306609,3,0,1,0,0,1
2,0,0.2233817216625143,0.125,0.11111111111111109,0.025374310111545464,3,1,0,0,0,1
2,1,0.24843392418952998,0.24999999999999997,0.11111111111111109,0.044893010197349675,4,1,0,0,0,1
2,0,0.28601222798005344,0.24999999999999997,0.11111111111111109,0.02244650509867483,4,0,1,0,0,1
2,0,0.44885154440565533,0.0,0.0,0.025374310111545464,1,0,1,0,0,1
2,1,0.6743213671487964,0.125,0.3333333333333333,0.044893010197349675,5,1,0,0,0,1
2,0,0.6242169620947651,0.0,0.0,0.025374310111545464,1,0,1,0,0,1
2,0,0.549060354513718,0.125,0.0,0.05074862022309093,2,0,1,0,0,1
2,1,0.36116883556110047,0.125,0.0,0.05074862022309093,2,1,0,0,0,1
2,0,0.2609600254530378,0.0,0.0,0.1434624456306609,1,0,1,0,0,1
2,1,0.5240081519867024,0.0,0.0,0.025374310111545464,1,0,1,0,0,1
2,0,0.7870562785203667,0.125,0.0,0.05074862022309093,2,0,1,0,0,1
2,0,0.7494779747298433,0.125,0.0,0.05074862022309093,2,1,0,0,0,1
2,0,0.4112732406151318,0.0,0.0,0.023959204355324663,1,0,1,0,0,1
2,1,0.21085562039900646,0.0,0.0,0.020494635090094408,1,1,0,0,0,1
2,0,0.5240081519867024,0.125,0.0,0.05270049023167135,2,0,1,0,0,1
2,1,0.2985383292435613,0.24999999999999997,0.11111111111111109,0.05270049023167135,4,1,0,0,0,1
2,0,0.5866386583042416,0.0,0.0,0.029278050128706302,1,0,1,0,0,1
2,0,0.2985383292435613,0.24999999999999997,0.0,0.061483905270283246,3,0,1,0,0,1
2,0,0.27348612671654565,0.24999999999999997,0.0,0.061483905270283246,3,0,1,0,0,1
2,0,0.398747139351624,0.0,0.0,0.020494635090094408,1,0,1,0,0,1
2,1,0.28601222798005344,0.0,0.0,0.02691960559733858,1,1,0,1,0,0
2,0,0.42379934187863966,0.125,0.0,0.05074862022309093,2,0,1,0,0,1
2,1,0.2985383292435613,0.125,0.0,0.05074862022309093,2,1,0,0,0,1
2,0,0.27348612671654565,0.0,0.0,0.04098927018018883,1,1,0,0,0,1
2,1,0.3486427342975926,0.0,0.0,0.024105594605968193,1,1,0,0,1,0
2,0,0.4363254431421475,0.0,0.0,0.024105594605968193,1,0,1,0,1,0
2,1,0.5615864557772259,0.0,0.0,0.026350245115835676,1,1,0,0,0,1
2,0,0.7118996709393199,0.0,0.0,0.024105594605968193,1,0,1,0,1,0
2,0,0.3486427342975926,0.0,0.0,0.0,1,0,1,0,0,1
2,0,0.38622103808811614,0.0,0.0,0.020494635090094408,1,0,1,0,0,1
2,0,0.32359053177057695,0.125,0.11111111111111109,0.05074862022309093,3,1,0,0,0,1
2,0,0.3736949368246083,0.125,0.11111111111111109,0.05074862022309093,3,0,1,0,0,1
2,0,0.3486427342975926,0.0,0.0,0.020901209612881715,1,0,1,0,1,0
2,1,0.010438000182881157,0.125,0.2222222222222222,0.08115719346076702,4,1,0,1,0,0
2,1,0.03549020270989678,0.125,0.2222222222222222,0.08115719346076702,4,1,0,1,0,0
2,0,0.3110644305070691,0.125,0.2222222222222222,0.08115719346076702,4,0,1,1,0,0
2,1,0.27348612671654565,0.125,0.2222222222222222,0.08115719346076702,4,1,0,1,0,0
2,1,0.21085562039900646,0.0,0.0,0.023422440102965042,1,1,0,1,0,0
2,1,0.3486427342975926,0.0,0.0,0.06441171028315387,1,1,0,0,0,1
2,1,0.42379934187863966,0.0,0.0,0.020494635090094408,1,1,0,0,0,1
2,0,0.44885154440565533,0.0,0.0,0.025130326360472917,1,0,1,1,0,0
2,0,0.2985383292435613,0.0,0.0,0.020494635090094408,1,0,1,0,0,1
2,0,0.7620040759933512,0.0,0.0,0.024105594605968193,1,0,1,0,1,0
2,0,0.6242169620947651,0.125,0.0,0.05074862022309093,2,0,1,0,0,1
2,1,0.5240081519867024,0.125,0.0,0.05074862022309093,2,1,0,0,0,1
2,0,0.7118996709393199,0.0,0.0,0.020494635090094408,1,1,0,0,0,1
2,0,0.3486427342975926,0.0,0.0,0.02936744577509929,1,0,1,1,0,0
2,1,0.010438000182881157,0.0,0.2222222222222222,0.07222738817151159,3,0,1,1,0,0
2,0,0.38622103808811614,0.125,0.11111111111111109,0.07222738817151159,3,0,1,1,0,0
2,1,0.2985383292435613,0.125,0.11111111111111109,0.07222738817151159,3,1,0,1,0,0
2,0,0.3486427342975926,0.0,0.0,0.03040857323767609,1,0,1,1,0,0
2,0,0.3736949368246083,0.0,0.0,0.025374310111545464,1,0,1,0,0,1
2,0,0.4989559494596867,0.0,0.0,0.031229920137286725,1,0,1,0,0,1
2,0,0.398747139351624,0.0,0.0,0.026350245115835676,1,0,1,0,0,1
2,0,0.3736949368246083,0.0,0.0,0.025374310111545464,1,0,1,0,0,1
2,0,0.5741125570407337,0.0,0.0,0.05074862022309093,1,0,1,0,0,1
2,1,0.16075121534497513,0.0,0.11111111111111109,0.038061465167318204,2,1,0,0,0,1
2,1,0.5114820507231945,0.0,0.11111111111111109,0.038061465167318204,2,1,0,0,0,1
2,1,0.23590782292602214,0.0,0.0,0.020494635090094408,1,0,1,0,0,1
2,0,0.48642984819617885,0.0,0.0,0.025374310111545464,1,0,1,0,0,1
2,0,0.5991647595677494,0.0,0.0,0.025374310111545464,1,0,1,0,0,1
2,0,0.8747389873649216,0.0,0.0,0.020494635090094408,1,0,1,0,0,1
2,0,0.3361166330340848,0.0,0.0,0.025374310111545464,1,0,1,0,0,1
2,0,0.6743213671487964,0.0,0.0,0.02732618012012588,1,0,1,0,0,1
2,0,0.48642984819617885,0.0,0.0,0.05074862022309093,1,0,1,0,0,1
2,0,0.19832951913549865,0.0,0.0,0.020494635090094408,1,0,1,0,0,1
2,0,0.7745301772568589,0.0,0.0,0.018908740708122825,1,0,1,0,1,0
2,0,0.4050101899833779,0.125,0.0,0.058694292654020104,2,0,1,1,0,0
2,1,0.17327731660848295,0.125,0.0,0.058694292654020104,2,1,0,1,0,0
2,1,0.02296410144638894,0.125,0.11111111111111109,0.05074862022309093,3,0,1,0,0,1
2,1,0.03549020270989678,0.125,0.11111111111111109,0.05074862022309093,3,0,1,0,0,1
2,0,0.45511459503740925,0.0,0.2222222222222222,0.05074862022309093,3,0,1,0,0,1
2,0,0.32359053177057695,0.0,0.0,0.025374310111545464,1,0,1,0,0,1
2,0,0.23590782292602214,0.125,0.11111111111111109,0.07173122281533045,3,0,1,0,0,1
2,0,0.3486427342975926,0.0,0.0,0.026350245115835676,1,0,1,0,0,1
2,1,0.24843392418952998,0.0,0.0,0.02705779799394608,1,0,1,1,0,0
2,1,0.36116883556110047,0.0,0.0,0.020494635090094408,1,1,0,0,0,1
2,0,0.48642984819617885,0.0,0.0,0.025374310111545464,1,0,1,0,0,1
2,1,0.27348612671654565,0.0,0.0,0.020494635090094408,1,0,1,0,0,1
2,1,0.3486427342975926,0.0,0.0,0.02705779799394608,1,0,1,1,0,0
2,0,0.28601222798005344,0.0,0.0,0.020494635090094408,1,0,1,0,0,1
2,1,0.36116883556110047,0.0,0.0,0.027049600139910042,1,0,1,1,0,0
2,0,0.3486427342975926,0.0,0.0,0.020494635090094408,1,0,1,0,0,1
2,0,0.3486427342975926,0.0,0.0,0.0,1,0,1,0,0,1
2,1,0.6242169620947651,0.0,0.11111111111111109,0.05074862022309093,2,1,0,0,0,1
2,0,0.23590782292602214,0.0,0.0,0.020494635090094408,1,0,1,0,0,1
2,0,0.3486427342975926,0.0,0.0,0.029375643629135327,1,0,1,1,0,0
2,0,0.5114820507231945,0.0,0.0,0.025374310111545464,1,0,1,0,0,1
2,1,0.2609600254530378,0.0,0.11111111111111109,0.04098927018018883,2,1,0,0,0,1
2,1,0.23590782292602214,0.0,0.0,0.05074862022309093,1,1,0,0,0,1
2,0,0.5365342532502102,0.0,0.11111111111111109,0.04098927018018883,2,0,1,0,0,1
2,1,0.398747139351624,0.0,0.0,0.025374310111545464,1,1,0,0,0,1
2,0,0.42379934187863966,0.0,0.0,0.025374310111545464,1,0,1,0,0,1
2,1,0.3736949368246083,0.0,0.0,0.02486194423429311,1,0,1,1,0,0
2,0,0.3361166330340848,0.0,0.0,0.029343047399992037,1,0,1,1,0,0
2,1,0.02296410144638894,0.125,0.11111111111111109,0.05074862022309093,3,1,0,0,0,1
2,1,0.09812070902743592,0.125,0.11111111111111109,0.05074862022309093,3,1,0,0,0,1
2,1,0.4112732406151318,0.0,0.2222222222222222,0.05074862022309093,3,1,0,0,0,1
2,0,0.44885154440565533,0.0,0.0,0.020494635090094408,1,0,1,0,0,1
2,0,0.42379934187863966,0.125,0.0,0.04098927018018883,2,0,1,0,0,1
2,1,0.3736949368246083,0.375,0.0,0.04098927018018883,4,1,0,0,0,1
2,1,0.3486427342975926,0.0,0.0,0.025374310111545464,1,1,0,0,0,1
2,0,0.28601222798005344,0.0,0.0,0.02936744577509929,1,0,1,1,0,0
2,1,0.008349899102254366,0.125,0.11111111111111109,0.03659756266088288,3,0,1,0,0,1
2,1,0.03549020270989678,0.125,0.11111111111111109,0.03659756266088288,3,0,1,0,0,1
2,1,0.2985383292435613,0.24999999999999997,0.3333333333333333,0.03659756266088288,6,1,0,0,0,1
2,1,0.6242169620947651,0.0,0.0,0.020494635090094408,1,1,0,0,0,1
2,0,0.23590782292602214,0.0,0.0,0.020494635090094408,1,0,1,0,0,1
2,1,0.2609600254530378,0.0,0.0,0.020494635090094408,1,1,0,0,0,1
2,0,0.32359053177057695,0.0,0.0,0.025374310111545464,1,0,1,0,0,1
2,0,0.3110644305070691,0.0,0.0,0.025374310111545464,1,0,1,0,0,1
2,0,0.3361166330340848,0.0,0.0,0.05074862022309093,1,0,1,0,0,1
2,1,0.3110644305070691,0.0,0.11111111111111109,0.05074862022309093,2,1,0,0,0,1
2,1,0.2233817216625143,0.0,0.2222222222222222,0.025374310111545464,3,1,0,0,0,1
2,1,0.24843392418952998,0.0,0.0,0.07173122281533045,1,1,0,0,0,1
2,1,0.3736949368246083,0.0,0.0,0.025374310111545464,1,1,0,0,0,1
2,0,0.7369518734663355,0.0,0.0,0.026350245115835676,1,0,1,0,0,1
2,1,0.3736949368246083,0.0,0.0,0.024105594605968193,1,1,0,0,1,0
2,0,0.4363254431421475,0.0,0.0,0.020494635090094408,1,0,1,0,0,1
2,1,0.4989559494596867,0.0,0.0,0.025374310111545464,1,1,0,0,0,1
2,0,0.3110644305070691,0.0,0.0,0.025374310111545464,1,0,1,0,0,1
2,0,0.5114820507231945,0.0,0.0,0.02936744577509929,1,0,1,1,0,0
2,0,0.3110644305070691,0.0,0.0,0.020494635090094408,1,0,1,0,0,1
2,0,0.22964477229426822,0.0,0.0,0.025374310111545464,1,0,1,0,0,1
2,0,0.17327731660848295,0.0,0.0,0.12687155055772734,1,0,1,0,0,1
2,1,0.6242169620947651,0.0,0.0,0.020494635090094408,1,1,0,0,0,1
2,0,0.28601222798005344,0.0,0.0,0.025374310111545464,1,0,1,0,0,1
2,1,0.3486427342975926,0.0,0.0,0.024691155608542313,1,1,0,0,0,1
2,1,0.3361166330340848,0.0,0.0,0.020494635090094408,1,1,0,0,0,1
2,0,0.36116883556110047,0.125,0.0,0.04098927018018883,2,0,1,0,0,1
2,0,0.3361166330340848,0.125,0.0,0.04098927018018883,2,1,0,0,0,1
2,0,0.4989559494596867,0.0,0.0,0.025374310111545464,1,0,1,0,0,1
2,1,0.38622103808811614,0.0,0.0,0.04098927018018883,1,1,0,0,0,1
2,0,0.3736949368246083,0.125,0.0,0.04098927018018883,2,0,1,0,0,1
2,0,0.28601222798005344,0.125,0.0,0.020494635090094408,2,0,1,0,0,1
2,1,0.38622103808811614,0.0,0.0,0.04098927018018883,1,1,0,0,0,1
2,0,0.3486427342975926,0.0,0.0,0.0,1,0,1,0,0,1
2,1,0.14822511408146727,0.0,0.0,0.030741952635141623,1,1,0,0,0,1
2,1,0.4989559494596867,0.0,0.0,0.030741952635141623,1,1,0,0,0,1
2,1,0.4050101899833779,0.0,0.0,0.025374310111545464,1,1,0,0,0,1
2,0,0.3361166330340848,0.125,0.0,0.05074862022309093,2,0,1,0,0,1
2,1,0.36116883556110047,0.125,0.0,0.05074862022309093,2,1,0,0,0,1
2,1,0.02296410144638894,0.125,0.11111111111111109,0.044893010197349675,3,0,1,0,0,1
2,1,0.04801630397340462,0.125,0.11111111111111109,0.044893010197349675,3,1,0,0,0,1
2,1,0.36116883556110047,0.0,0.2222222222222222,0.044893010197349675,3,1,0,0,0,1
2,1,0.009394575947630879,0.125,0.2222222222222222,0.05416439273810667,4,1,0,0,0,1
2,1,0.0605424052369124,0.125,0.2222222222222222,0.05416439273810667,4,1,0,0,0,1
2,0,0.44885154440565533,0.125,0.2222222222222222,0.05416439273810667,4,0,1,0,0,1
2,1,0.4112732406151318,0.125,0.2222222222222222,0.05416439273810667,4,1,0,0,0,1
2,0,0.8246345823108903,0.0,0.0,0.020494635090094408,1,0,1,0,0,1
2,0,0.3486427342975926,0.0,0.0,0.025130326360472917,1,0,1,0,0,1
2,1,0.38622103808811614,0.0,0.0,0.025374310111545464,1,0,1,0,0,1
2,1,0.3486427342975926,0.0,0.0,0.025374310111545464,1,0,1,0,0,1
2,1,0.32359053177057695,0.0,0.0,0.026350245115835676,1,1,0,0,0,1
2,0,0.2985383292435613,0.0,0.0,0.025374310111545464,1,1,0,0,0,1
3,0,0.5240081519867024,0.0,0.0,0.014736618564782172,1,0,1,0,0,1
3,0,0.16075121534497513,0.0,0.2222222222222222,0.03952536767375352,3,0,1,0,0,1
3,0,0.19832951913549865,0.125,0.11111111111111109,0.03952536767375352,3,0,1,0,0,1
3,1,0.4363254431421475,0.125,0.11111111111111109,0.03952536767375352,3,1,0,0,0,1
3,1,0.19832951913549865,0.0,0.0,0.014931805565640215,1,1,0,0,0,1
3,1,0.3110644305070691,0.0,0.0,0.014931805565640215,1,0,1,0,0,1
3,1,0.24843392418952998,0.0,0.0,0.015468569817999829,1,0,1,0,0,1
3,1,0.2233817216625143,0.0,0.0,0.014110458666029571,1,1,0,1,0,0
3,0,0.3736949368246083,0.0,0.0,0.014151057562208039,1,0,1,0,0,1
3,0,0.32359053177057695,0.0,0.0,0.015712553569072384,1,0,1,0,0,1
3,0,0.4989559494596867,0.125,0.0,0.018493968331299487,2,1,0,0,0,1
3,1,0.008349899102254366,0.0,0.11111111111111109,0.018249984580226933,2,0,1,0,0,1
3,1,0.2233817216625143,0.0,0.11111111111111109,0.018249984580226933,2,1,0,0,0,1
3,1,0.32359053177057695,0.0,0.0,0.036670757786204655,1,0,1,1,0,0
3,0,0.32359053177057695,0.0,0.0,0.015395374692678064,1,0,1,0,0,1
3,0,0.24843392418952998,0.0,0.0,0.015468569817999829,1,0,1,0,0,1
3,0,0.2985383292435613,0.0,0.0,0.013760683560491968,1,0,1,0,0,1
3,0,0.3110644305070691,0.0,0.0,0.013760683560491968,1,0,1,0,0,1
3,0,0.4363254431421475,0.0,0.0,0.015712553569072384,1,0,1,0,0,1
3,0,0.2233817216625143,0.0,0.0,0.016200521071217486,1,0,1,0,0,1
3,0,0.398747139351624,0.0,0.0,0.04396587194327397,1,0,1,0,0,1
3,1,0.23590782292602214,0.125,0.0,0.015330377421392337,2,1,0,0,0,1
3,0,0.04801630397340462,0.5,0.2222222222222222,0.06104473451835265,7,0,1,0,0,1
3,0,0.0730685065004203,0.5,0.2222222222222222,0.06104473451835265,7,1,0,0,0,1
3,0,0.02296410144638894,0.5,0.2222222222222222,0.06104473451835265,7,1,0,0,0,1
3,1,0.21085562039900646,0.5,0.2222222222222222,0.015468569817999829,7,1,0,0,0,1
3,0,0.473903746932671,0.5,0.2222222222222222,0.015175789316712762,7,1,0,0,0,1
3,0,0.11064681029094381,0.5,0.2222222222222222,0.06104473451835265,7,1,0,0,0,1
3,0,0.13569901281795946,0.5,0.2222222222222222,0.06104473451835265,7,1,0,0,0,1
3,0,0.48642984819617885,0.125,0.5555555555555555,0.06104473451835265,7,0,1,0,0,1
3,1,0.3361166330340848,0.0,0.0,0.015216388212891244,1,0,1,0,0,1
3,0,0.32359053177057695,0.0,0.0,0.015175789316712762,1,0,1,0,0,1
3,0,0.48642984819617885,0.125,0.5555555555555555,0.06104473451835265,7,1,0,0,0,1
3,0,0.24843392418952998,0.0,0.0,0.015330377421392337,1,0,1,0,0,1
3,0,0.32359053177057695,0.0,0.0,0.015411575213749286,1,0,1,0,0,1
3,0,0.3110644305070691,0.125,0.0,0.03474328615273149,2,0,1,0,0,1
3,0,0.2233817216625143,0.125,0.0,0.03474328615273149,2,1,0,0,0,1
3,0,0.2985383292435613,0.0,0.0,0.015175789316712762,1,0,1,0,0,1
3,0,0.4363254431421475,0.0,0.0,0.013760683560491968,1,0,1,0,0,1
3,0,0.0605424052369124,0.5,0.2222222222222222,0.06126431989431795,7,0,1,0,0,1
3,0,0.11064681029094381,0.5,0.2222222222222222,0.06126431989431795,7,0,1,0,0,1
3,1,0.03549020270989678,0.5,0.2222222222222222,0.06126431989431795,7,0,1,0,0,1
3,0,0.16075121534497513,0.5,0.2222222222222222,0.06126431989431795,7,0,1,0,0,1
3,1,0.0605424052369124,0.5,0.2222222222222222,0.06126431989431795,7,1,0,0,0,1
3,0,0.4989559494596867,0.125,0.5555555555555555,0.06126431989431795,7,0,1,0,0,1
3,1,0.28601222798005344,0.0,0.0,0.015216388212891244,1,0,1,0,0,1
3,1,0.473903746932671,0.125,0.5555555555555555,0.06126431989431795,7,1,0,0,0,1
3,1,0.5615864557772259,0.0,0.0,0.01410226081199354,1,1,0,1,0,0
3,0,0.2609600254530378,0.0,0.0,0.01410226081199354,1,0,1,1,0,0
3,0,0.28601222798005344,0.0,0.0,0.013760683560491968,1,0,1,0,0,1
3,0,0.21085562039900646,0.0,0.0,0.028220722145058295,1,1,0,1,0,0
3,0,0.3736949368246083,0.0,0.0,0.01410226081199354,1,0,1,1,0,0
3,0,0.28601222798005344,0.0,0.0,0.015330377421392337,1,0,1,0,0,1
3,1,0.16075121534497513,0.0,0.0,0.014110458666029571,1,1,0,1,0,0
3,0,0.24843392418952998,0.0,0.0,0.01410226081199354,1,0,1,1,0,0
3,0,0.398747139351624,0.125,0.0,0.030937139635999665,2,0,1,0,0,1
3,1,0.4112732406151318,0.375,0.0,0.030937139635999665,4,1,0,0,0,1
3,1,0.007306474867004142,0.24999999999999997,0.11111111111111109,0.03758969818624431,4,1,0,1,0,0
3,1,0.007306474867004142,0.24999999999999997,0.11111111111111109,0.03758969818624431,4,1,0,1,0,0
3,1,0.0605424052369124,0.24999999999999997,0.11111111111111109,0.03758969818624431,4,1,0,1,0,0
3,1,0.2985383292435613,0.0,0.3333333333333333,0.03758969818624431,4,1,0,1,0,0
3,1,0.2233817216625143,0.0,0.0,0.015712553569072384,1,1,0,0,0,1
3,0,0.4989559494596867,0.0,0.0,0.01410226081199354,1,0,1,1,0,0
3,0,0.32359053177057695,0.0,0.0,0.015411575213749286,1,0,1,0,0,1
3,1,0.24843392418952998,0.0,0.0,0.014110458666029571,1,0,1,1,0,0
3,0,0.2233817216625143,0.0,0.11111111111111109,0.02821271947802311,2,1,0,1,0,0
3,0,0.5615864557772259,0.0,0.11111111111111109,0.02821271947802311,2,1,0,1,0,0
3,0,0.3361166330340848,0.0,0.0,0.01537917417160685,1,1,0,0,1,0
3,0,0.27348612671654565,0.0,0.0,0.015712553569072384,1,0,1,0,0,1
3,0,0.23590782292602214,0.0,0.0,0.015712553569072384,1,0,1,0,0,1
3,0,0.32359053177057695,0.0,0.0,0.015175789316712762,1,0,1,0,0,1
3,0,0.27348612671654565,0.0,0.0,0.018249984580226933,1,0,1,0,0,1
3,0,0.3486427342975926,0.0,0.0,0.014110458666029571,1,0,1,1,0,0
3,0,0.24843392418952998,0.0,0.0,0.007831878409428936,1,0,1,1,0,0
3,1,0.398747139351624,0.0,0.0,0.11027245763075773,1,0,1,0,0,1
3,0,0.2609600254530378,0.0,0.0,0.015175789316712762,1,0,1,0,0,1
3,0,0.2233817216625143,0.0,0.0,0.015126992566498257,1,0,1,0,0,1
3,0,0.32359053177057695,0.0,0.0,0.015411575213749286,1,0,1,0,0,1
3,0,0.0730685065004203,0.125,0.11111111111111109,0.029757819776815374,3,0,1,1,0,0
3,0,0.11064681029094381,0.125,0.11111111111111109,0.029757819776815374,3,1,0,1,0,0
3,0,0.3486427342975926,0.0,0.0,0.01410226081199354,1,0,1,1,0,0
3,0,0.3486427342975926,0.0,0.2222222222222222,0.029757819776815374,3,1,0,1,0,0
3,0,0.3486427342975926,0.0,0.2222222222222222,0.015126992566498257,3,1,0,0,1,0
3,0,0.4989559494596867,0.125,0.11111111111111109,0.030253985132996514,3,0,1,0,1,0
3,0,0.398747139351624,0.125,0.11111111111111109,0.030253985132996514,3,1,0,0,1,0
3,0,0.2609600254530378,0.0,0.0,0.031425107138144774,1,0,1,0,0,1
3,1,0.27348612671654565,0.0,0.0,0.015078195816283751,1,1,0,0,1,0
3,0,0.24843392418952998,0.0,0.0,0.015330377421392337,1,1,0,0,0,1
3,0,0.36116883556110047,0.125,0.0,0.013752485706455923,2,0,1,0,0,1
3,0,0.27348612671654565,0.125,0.0,0.014151057562208039,2,0,1,0,0,1
3,0,0.27348612671654565,0.0,0.0,0.015216388212891244,1,0,1,0,0,1
3,0,0.4363254431421475,0.0,0.0,0.015712553569072384,1,0,1,0,0,1
3,0,0.22964477229426822,0.0,0.0,0.01421605483349378,1,1,0,0,1,0
3,1,0.2609600254530378,0.0,0.0,0.015265184963105749,1,0,1,0,1,0
3,0,0.23590782292602214,0.0,0.0,0.013175122557917834,1,0,1,0,1,0
3,0,0.2233817216625143,0.0,0.0,0.01537917417160685,1,1,0,0,1,0
3,0,0.2609600254530378,0.0,0.0,0.01690807394932789,1,1,0,0,0,1
3,0,0.3736949368246083,0.0,0.0,0.01690807394932789,1,1,0,0,0,1
3,0,0.2233817216625143,0.0,0.0,0.01690807394932789,1,0,1,0,0,1
3,0,0.473903746932671,0.0,0.0,0.01690807394932789,1,0,1,0,0,1
3,0,0.21085562039900646,0.0,0.0,0.01690807394932789,1,0,1,0,0,1
3,0,0.21085562039900646,0.0,0.0,0.01690807394932789,1,0,1,0,0,1
3,0,0.2609600254530378,0.0,0.0,0.015126992566498257,1,1,0,0,1,0
3,0,0.2609600254530378,0.0,0.0,0.015126992566498257,1,0,1,0,1,0
3,0,0.2609600254530378,0.0,0.0,0.015712553569072384,1,0,1,0,0,1
3,0,0.3486427342975926,0.125,0.0,0.028220722145058295,2,0,1,1,0,0
3,0,0.3486427342975926,0.125,0.0,0.028220722145058295,2,1,0,1,0,0
3,0,0.3486427342975926,0.0,0.0,0.015216388212891244,1,0,1,0,0,1
3,0,0.2985383292435613,0.0,0.0,0.015330377421392337,1,0,1,0,0,1
3,1,0.19832951913549865,0.0,0.0,0.015126992566498257,1,1,0,0,1,0
3,0,0.46137764566916317,0.0,0.0,0.015126992566498257,1,1,0,0,1,0
3,0,0.3486427342975926,0.0,0.0,0.014151057562208039,1,0,1,0,0,1
3,0,0.2985383292435613,0.0,0.0,0.015712553569072384,1,0,1,0,0,1
3,0,0.2609600254530378,0.0,0.0,0.015094396337354966,1,0,1,0,1,0
3,1,0.398747139351624,0.0,0.0,0.11027245763075773,1,0,1,0,0,1
3,0,0.36116883556110047,0.0,0.0,0.015712553569072384,1,0,1,0,0,1
3,0,0.32359053177057695,0.125,0.0,0.02821271947802311,2,0,1,1,0,0
3,0,0.2233817216625143,0.125,0.0,0.02821271947802311,2,0,1,1,0,0
3,0,0.24843392418952998,0.0,0.0,0.013760683560491968,1,0,1,0,0,1
3,1,0.2233817216625143,0.0,0.0,0.015712553569072384,1,0,1,0,0,1
3,0,0.2985383292435613,0.0,0.0,0.014151057562208039,1,0,1,0,1,0
3,0,0.44885154440565533,0.0,0.0,0.01463082721031711,1,0,1,0,0,1
3,0,0.2985383292435613,0.0,0.0,0.01463082721031711,1,0,1,0,0,1
3,0,0.38622103808811614,0.0,0.0,0.015094396337354966,1,0,1,0,1,0
3,0,0.38622103808811614,0.0,0.0,0.015126992566498257,1,0,1,0,1,0
3,1,0.27348612671654565,0.0,0.0,0.015126992566498257,1,1,0,0,1,0
3,0,0.3736949368246083,0.0,0.0,0.01489120666946174,1,1,0,0,1,0
3,0,0.8810020379966756,0.0,0.0,0.015126992566498257,1,0,1,0,1,0
3,0,0.5365342532502102,0.0,0.0,0.015712553569072384,1,0,1,0,0,1
3,0,0.4363254431421475,0.0,0.0,0.015411575213749286,1,0,1,0,0,1
3,0,0.3361166330340848,0.0,0.0,0.015411575213749286,1,0,1,0,0,1
3,0,0.23590782292602214,0.0,0.0,0.015411575213749286,1,0,1,0,0,1
3,0,0.3736949368246083,0.0,0.0,0.015712553569072384,1,0,1,0,0,1
3,1,0.11064681029094381,0.125,0.11111111111111109,0.031034733136428683,3,0,1,0,0,1
3,1,0.03549020270989678,0.125,0.11111111111111109,0.031034733136428683,3,0,1,0,0,1
3,1,0.44885154440565533,0.0,0.2222222222222222,0.031034733136428683,3,1,0,0,0,1
3,0,0.7369518734663355,0.0,0.0,0.014151057562208039,1,0,1,0,0,1
3,0,0.23590782292602214,0.0,0.0,0.015923941091001648,1,0,1,0,0,1
3,1,0.21085562039900646,0.0,0.11111111111111109,0.031425107138144774,2,1,0,0,0,1
3,0,0.549060354513718,0.0,0.11111111111111109,0.031425107138144774,2,0,1,0,0,1
3,0,0.21085562039900646,0.0,0.0,0.01690807394932789,1,0,1,0,0,1
3,0,0.2797491773482995,0.0,0.0,0.01410226081199354,1,0,1,1,0,0
3,1,0.5615864557772259,0.0,0.0,0.015712553569072384,1,0,1,0,0,1
3,0,0.27348612671654565,0.0,0.0,0.020527231319237706,1,1,0,0,0,1
3,0,0.23590782292602214,0.0,0.0,0.01985207948326974,1,0,1,0,0,1
3,1,0.3736949368246083,0.0,0.0,0.013565496559633912,1,1,0,0,1,0
3,1,0.36116883556110047,0.0,0.0,0.015126992566498257,1,0,1,0,1,0
3,0,0.0020868484705004464,0.0,0.2222222222222222,0.02810692812355805,3,0,1,0,0,1
3,0,0.42379934187863966,0.125,0.11111111111111109,0.02810692812355805,3,0,1,0,0,1
3,0,0.3486427342975926,0.125,0.11111111111111109,0.02810692812355805,3,1,0,0,0,1
3,0,0.3361166330340848,0.0,0.0,0.015411575213749286,1,0,1,0,0,1
3,0,0.3110644305070691,0.0,0.0,0.015411575213749286,1,0,1,0,0,1
3,0,0.2985383292435613,0.24999999999999997,0.0,0.04713766070721715,3,0,1,0,0,1
3,0,0.27348612671654565,0.0,0.0,0.015712553569072384,1,0,1,0,0,1
3,0,0.2609600254530378,0.24999999999999997,0.0,0.04713766070721715,3,0,1,0,0,1
3,0,0.21085562039900646,0.24999999999999997,0.0,0.015712553569072384,3,0,1,0,0,1
3,0,0.3486427342975926,0.125,0.0,0.031425107138144774,2,0,1,0,0,1
3,1,0.3486427342975926,0.125,0.0,0.031425107138144774,2,1,0,0,0,1
3,1,0.45511459503740925,0.125,0.0,0.03396253814929931,2,0,1,0,0,1
3,1,0.44885154440565533,0.125,0.0,0.03396253814929931,2,1,0,0,0,1
3,1,0.3736949368246083,0.0,0.0,0.018542765081513993,1,0,1,0,0,1
3,0,0.19832951913549865,0.0,0.0,0.018542765081513993,1,0,1,0,0,1
3,1,0.010438000182881157,0.125,0.2222222222222222,0.040159725426542156,4,0,1,0,0,1
3,1,0.0,0.125,0.2222222222222222,0.040159725426542156,4,1,0,0,0,1
3,0,0.32359053177057695,0.125,0.2222222222222222,0.040159725426542156,4,0,1,0,0,1
3,1,0.4112732406151318,0.125,0.2222222222222222,0.040159725426542156,4,1,0,0,0,1
3,0,0.3110644305070691,0.0,0.0,0.015411575213749286,1,0,1,0,0,1
3,0,0.3486427342975926,0.0,0.0,0.015411575213749286,1,0,1,0,0,1
3,0,0.3486427342975926,0.0,0.0,0.015411575213749286,1,0,1,0,0,1
3,0,0.27348612671654565,0.0,0.0,0.014151057562208039,1,0,1,0,0,1
3,0,0.44885154440565533,0.0,0.0,0.014151057562208039,1,0,1,0,0,1
3,1,0.23590782292602214,0.0,0.0,0.01537917417160685,1,1,0,0,1,0
3,0,0.21085562039900646,0.0,0.0,0.015411575213749286,1,0,1,0,0,1
3,0,0.5240081519867024,0.0,0.0,0.01690807394932789,1,0,1,0,0,1
3,0,0.5365342532502102,0.0,0.0,0.015411575213749286,1,0,1,0,0,1
3,0,0.3486427342975926,0.0,0.0,0.014110458666029571,1,0,1,1,0,0
3,0,0.398747139351624,0.0,0.0,0.015126992566498257,1,0,1,0,1,0
3,1,0.23590782292602214,0.0,0.0,0.015712553569072384,1,0,1,0,0,1
3,1,0.3736949368246083,0.0,0.0,0.024349578357040748,1,1,0,0,0,1
3,0,0.2985383292435613,0.0,0.0,0.015126992566498257,1,1,0,0,1,0
3,1,0.28601222798005344,0.0,0.0,0.015712553569072384,1,1,0,0,0,1
3,0,0.4112732406151318,0.0,0.0,0.015411575213749286,1,0,1,1,0,0
3,0,0.8121084810473824,0.0,0.0,0.015126992566498257,1,0,1,0,1,0
3,1,0.2985383292435613,0.0,0.0,0.014736618564782172,1,0,1,0,0,1
3,0,0.28601222798005344,0.125,0.0,0.027130993119267838,2,0,1,0,0,1
3,1,0.27348612671654565,0.125,0.0,0.027130993119267838,2,1,0,0,0,1
3,0,0.2233817216625143,0.0,0.0,0.015175789316712762,1,0,1,0,0,1
3,0,0.19832951913549865,0.0,0.0,0.015175789316712762,1,0,1,0,0,1
3,0,0.5615864557772259,0.0,0.0,0.013614293309848431,1,0,1,0,0,1
3,0,0.3486427342975926,0.0,0.0,0.01410226081199354,1,0,1,1,0,0
3,0,0.48642984819617885,0.0,0.2222222222222222,0.014110458666029571,3,0,1,1,0,0
3,0,0.21085562039900646,0.125,0.11111111111111109,0.014110458666029571,3,0,1,1,0,0
3,0,0.18580341787199078,0.125,0.11111111111111109,0.014110458666029571,3,0,1,1,0,0
3,0,0.5866386583042416,0.0,0.0,0.014151057562208039,1,0,1,0,0,1
3,1,0.0605424052369124,0.0,0.0,0.024349578357040748,1,1,0,0,0,1
3,0,0.3486427342975926,0.0,0.0,0.01410226081199354,1,0,1,1,0,0
3,0,0.5052190000914406,0.0,0.0,0.02947323712956435,1,0,1,0,0,1
3,0,0.5052190000914406,0.0,0.0,0.015126992566498257,1,0,1,0,1,0
3,1,0.3486427342975926,0.0,0.0,0.013760683560491968,1,0,1,0,0,1
3,0,0.2233817216625143,0.0,0.0,0.015216388212891244,1,0,1,0,0,1
3,0,0.3486427342975926,0.0,0.0,0.015126992566498257,1,1,0,0,1,0
3,0,0.3486427342975926,0.0,0.0,0.015126992566498257,1,0,1,0,1,0
3,0,0.3486427342975926,0.0,0.0,0.013565496559633912,1,0,1,0,1,0
3,0,0.32359053177057695,0.0,0.0,0.01537917417160685,1,0,1,0,1,0
3,0,0.3486427342975926,0.0,0.0,0.015126992566498257,1,0,1,0,1,0
3,1,0.3486427342975926,0.0,0.0,0.11027245763075773,1,0,1,0,0,1
3,0,0.2609600254530378,0.24999999999999997,0.2222222222222222,0.06709553154495196,5,1,0,0,0,1
3,0,0.11064681029094381,0.24999999999999997,0.2222222222222222,0.06709553154495196,5,1,0,0,0,1
3,0,0.3486427342975926,0.0,0.0,0.015712553569072384,1,0,1,0,0,1
3,0,0.2233817216625143,0.24999999999999997,0.2222222222222222,0.06709553154495196,5,0,1,0,0,1
3,0,0.19832951913549865,0.125,0.3333333333333333,0.06709553154495196,5,0,1,0,0,1
3,0,0.5991647595677494,0.125,0.3333333333333333,0.06709553154495196,5,1,0,0,0,1
3,0,0.3486427342975926,0.0,0.0,0.015126992566498257,1,0,1,0,1,0
3,0,0.3486427342975926,0.0,0.0,0.014151057562208039,1,0,1,0,0,1
3,0,0.3110644305070691,0.0,0.0,0.015110792045427042,1,0,1,0,1,0
3,0,0.3486427342975926,0.0,0.0,0.02830211512441609,1,0,1,0,0,1
3,0,0.3486427342975926,0.0,0.0,0.015411575213749286,1,0,1,1,0,0
3,0,0.27348612671654565,0.0,0.0,0.015712553569072384,1,0,1,0,0,1
3,1,0.19832951913549865,0.0,0.0,0.015094396337354966,1,1,0,0,1,0
3,1,0.3486427342975926,0.0,0.0,0.015126992566498257,1,1,0,0,1,0
3,1,0.11064681029094381,0.0,0.2222222222222222,0.04006213192611313,3,0,1,0,0,1
3,0,0.4112732406151318,0.125,0.11111111111111109,0.04006213192611313,3,0,1,0,0,1
3,0,0.5114820507231945,0.0,0.0,0.015322179567356299,1,0,1,0,0,1
3,1,0.38622103808811614,0.125,0.11111111111111109,0.04006213192611313,3,1,0,0,0,1
3,0,0.473903746932671,0.0,0.0,0.013760683560491968,1,0,1,0,0,1
3,0,0.11064681029094381,0.625,0.2222222222222222,0.09154270340242172,8,0,1,0,0,1
3,0,0.010438000182881157,0.625,0.2222222222222222,0.09154270340242172,8,0,1,0,0,1
3,0,0.13569901281795946,0.625,0.2222222222222222,0.09154270340242172,8,0,1,0,0,1
3,0,0.12317291155445162,0.625,0.2222222222222222,0.09154270340242172,8,1,0,0,0,1
3,0,0.19832951913549865,0.625,0.2222222222222222,0.09154270340242172,8,1,0,0,0,1
3,0,0.17327731660848295,0.625,0.2222222222222222,0.09154270340242172,8,0,1,0,0,1
3,0,0.4989559494596867,0.125,0.6666666666666665,0.09154270340242172,8,0,1,0,0,1
3,0,0.5365342532502102,0.125,0.6666666666666665,0.09154270340242172,8,1,0,0,0,1
3,0,0.6367430633582729,0.0,0.0,0.015712553569072384,1,0,1,0,0,1
3,0,0.398747139351624,0.0,0.0,0.016322512946753763,1,0,1,0,0,1
3,0,0.3486427342975926,0.0,0.0,0.015712553569072384,1,0,1,0,0,1
3,0,0.24843392418952998,0.0,0.0,0.0192177217304811,1,0,1,0,0,1
3,0,0.46137764566916317,0.24999999999999997,0.0,0.015468569817999829,3,0,1,0,0,1
3,0,0.3486427342975926,0.24999999999999997,0.0,0.015468569817999829,3,0,1,0,0,1
3,0,0.23590782292602214,0.0,0.0,0.015175789316712762,1,0,1,0,0,1
3,0,0.2985383292435613,0.0,0.0,0.01727404957593672,1,1,0,0,0,1
3,0,0.21085562039900646,0.0,0.0,0.015094396337354966,1,1,0,0,1,0
3,0,0.3486427342975926,0.125,0.0,0.03897240290032268,2,0,1,0,0,1
3,0,0.3486427342975926,0.125,0.0,0.03897240290032268,2,0,1,0,0,1
3,0,0.3486427342975926,0.125,0.0,0.030937139635999665,2,0,1,0,0,1
3,1,0.2985383292435613,0.125,0.0,0.030937139635999665,2,1,0,0,0,1
3,0,0.24843392418952998,0.0,0.0,0.018542765081513993,1,0,1,0,0,1
3,0,0.29227527861180735,0.0,0.0,0.014110458666029571,1,0,1,1,0,0
3,0,0.5114820507231945,0.24999999999999997,0.0,0.027537567642055144,3,0,1,0,0,1
3,0,0.32359053177057695,0.125,0.0,0.015330377421392337,2,0,1,0,0,1
3,0,0.2609600254530378,0.0,0.0,0.015330377421392337,1,0,1,0,0,1
3,1,0.5615864557772259,0.125,0.0,0.027537567642055144,2,1,0,0,0,1
3,0,0.3486427342975926,0.0,0.0,0.014736618564782172,1,1,0,0,0,1
3,0,0.3110644305070691,0.0,0.0,0.014151057562208039,1,0,1,0,0,1
3,0,0.3486427342975926,0.0,0.0,0.013386510079847098,1,0,1,0,1,0
3,0,0.13569901281795946,0.0,0.0,0.036670757786204655,1,0,1,1,0,0
3,1,0.3486427342975926,0.0,0.0,0.015126992566498257,1,1,0,0,1,0
3,1,0.3361166330340848,0.0,0.0,0.013614293309848431,1,0,1,0,0,1
3,1,0.3486427342975926,0.0,0.0,0.11027245763075773,1,0,1,0,0,1
3,0,0.2233817216625143,0.0,0.0,0.013175122557917834,1,1,0,0,1,0
3,1,0.32359053177057695,0.0,0.0,0.015468569817999829,1,1,0,0,0,1
3,0,0.28601222798005344,0.0,0.0,0.015468569817999829,1,1,0,0,0,1
3,1,0.27348612671654565,0.0,0.0,0.017493634951902017,1,1,0,0,0,1
3,0,0.3486427342975926,0.0,0.0,0.015411575213749286,1,0,1,0,0,1
3,0,0.3486427342975926,0.0,0.0,0.015175789316712762,1,1,0,0,0,1
3,0,0.3486427342975926,0.0,0.0,0.015126992566498257,1,1,0,0,1,0
3,1,0.02296410144638894,0.0,0.11111111111111109,0.023983602730431916,2,1,0,0,0,1
3,1,0.27348612671654565,0.125,0.11111111111111109,0.023983602730431916,3,1,0,0,0,1
3,0,0.5365342532502102,0.0,0.0,0.012589561555343708,1,0,1,0,0,1
3,0,0.3486427342975926,0.0,0.0,0.04396587194327397,1,0,1,0,0,1
3,1,0.3361166330340848,0.0,0.0,0.015468569817999829,1,1,0,0,0,1
3,0,0.3486427342975926,0.0,0.0,0.015126992566498257,1,0,1,0,1,0
3,1,0.3486427342975926,0.0,0.0,0.015712553569072384,1,1,0,0,0,1
3,0,0.5240081519867024,0.0,0.0,0.014931805565640215,1,0,1,0,0,1
3,1,0.3486427342975926,0.0,0.0,0.015395374692678064,1,0,1,0,0,1
3,0,0.3736949368246083,0.0,0.0,0.014110458666029571,1,0,1,1,0,0
3,0,0.3486427342975926,0.0,0.0,0.015411575213749286,1,0,1,0,0,1
3,0,0.3361166330340848,0.125,0.0,0.015468569817999829,2,1,0,0,0,1
3,0,0.3110644305070691,0.125,0.0,0.015468569817999829,2,1,0,0,0,1
3,0,0.3486427342975926,0.0,0.0,0.015411575213749286,1,0,1,0,0,1
3,1,0.36116883556110047,0.0,0.0,0.015411575213749286,1,0,1,1,0,0
3,1,0.2609600254530378,0.0,0.0,0.015216388212891244,1,0,1,0,0,1
3,0,0.3486427342975926,0.0,0.0,0.013760683560491968,1,0,1,0,0,1
3,0,0.24843392418952998,0.0,0.0,0.015330377421392337,1,0,1,0,0,1
3,0,0.5991647595677494,0.0,0.0,0.015330377421392337,1,0,1,0,0,1
3,0,0.21085562039900646,0.125,0.0,0.013768881414528006,2,0,1,0,0,1
3,1,0.3486427342975926,0.0,0.0,0.015126992566498257,1,1,0,0,1,0
3,1,0.3486427342975926,0.0,0.0,0.01583454544460866,1,0,1,0,0,1
3,0,0.42379934187863966,0.0,0.0,0.012678957201736687,1,0,1,0,0,1
3,1,0.32359053177057695,0.0,0.0,0.015175789316712762,1,0,1,0,0,1
3,0,0.27348612671654565,0.0,0.0,0.015216388212891244,1,0,1,0,0,1
3,0,0.4112732406151318,0.0,0.0,0.016891873428256668,1,0,1,0,0,1
3,0,0.38622103808811614,0.0,0.0,0.015175789316712762,1,0,1,0,0,1
3,0,0.36116883556110047,0.0,0.0,0.015330377421392337,1,0,1,0,0,1
3,1,0.04801630397340462,0.125,0.11111111111111109,0.02173075436652839,3,0,1,0,0,1
3,1,0.010438000182881157,0.125,0.11111111111111109,0.02173075436652839,3,1,0,0,0,1
3,0,0.6116908608312571,0.0,0.0,0.0,1,0,1,0,0,1
3,0,0.4112732406151318,0.0,0.0,0.015175789316712762,1,0,1,0,0,1
3,0,0.23590782292602214,0.0,0.0,0.0,1,0,1,0,0,1
3,1,0.3361166330340848,0.0,0.2222222222222222,0.02173075436652839,3,1,0,0,0,1
3,0,0.3486427342975926,0.125,0.2222222222222222,0.045771351701210855,4,0,1,0,0,1
3,0,0.3486427342975926,0.125,0.2222222222222222,0.045771351701210855,4,1,0,0,0,1
3,0,0.3486427342975926,0.125,0.2222222222222222,0.045771351701210855,4,0,1,0,0,1
3,0,0.3486427342975926,0.125,0.2222222222222222,0.045771351701210855,4,1,0,0,0,1
3,0,0.28601222798005344,0.0,0.0,0.015411575213749286,1,0,1,0,0,1
3,1,0.398747139351624,0.0,0.0,0.015330377421392337,1,0,1,0,0,1
3,0,0.3361166330340848,0.0,0.0,0.015330377421392337,1,0,1,0,0,1
3,0,0.24843392418952998,0.125,0.0,0.019177122834302625,2,1,0,0,0,1
3,0,0.2609600254530378,0.125,0.0,0.019177122834302625,2,1,0,0,0,1
3,1,0.398747139351624,0.0,0.0,0.015468569817999829,1,0,1,0,0,1
3,0,0.21085562039900646,0.0,0.0,0.013907073811135498,1,0,1,0,0,1
3,0,0.2609600254530378,0.0,0.0,0.016460705343361255,1,0,1,0,0,1
3,0,0.3736949368246083,0.0,0.0,0.015411575213749286,1,0,1,0,0,1
3,1,0.2609600254530378,0.0,0.0,0.015216388212891244,1,0,1,0,0,1
3,0,0.4112732406151318,0.0,0.0,0.015330377421392337,1,0,1,0,0,1
3,0,0.27348612671654565,0.0,0.0,0.01467962396053163,1,0,1,0,0,1
3,1,0.04801630397340462,0.0,0.11111111111111109,0.026187654344120924,2,1,0,1,0,0
3,1,0.48642984819617885,0.0,0.11111111111111109,0.026187654344120924,2,0,1,1,0,0
3,0,0.3486427342975926,0.0,0.0,0.014110458666029571,1,0,1,1,0,0
3,0,0.22964477229426822,0.0,0.0,0.014110458666029571,1,0,1,1,0,0
3,0,0.3486427342975926,0.0,0.0,0.015126992566498257,1,0,1,0,1,0
3,0,0.3486427342975926,0.0,0.0,0.014151057562208039,1,0,1,0,0,1
3,1,0.3486427342975926,0.0,0.0,0.015126992566498257,1,1,0,0,1,0
3,1,0.3486427342975926,0.0,0.0,0.015126992566498257,1,1,0,0,1,0
3,0,0.4300623925103936,0.0,0.0,0.015281580671177825,1,0,1,0,1,0
3,0,0.549060354513718,0.0,0.0,0.015712553569072384,1,0,1,0,0,1
3,1,0.3486427342975926,0.0,0.0,0.015126992566498257,1,0,1,0,1,0
3,0,0.3486427342975926,0.125,0.0,0.02821271947802311,2,0,1,1,0,0
3,0,0.3486427342975926,0.125,0.0,0.02821271947802311,2,1,0,1,0,0
3,0,0.3486427342975926,0.125,0.0,0.015126992566498257,2,0,1,0,1,0
3,0,0.3486427342975926,0.125,0.0,0.015126992566498257,2,0,1,0,1,0
3,0,0.3486427342975926,0.0,0.0,0.015102594191390997,1,0,1,0,1,0
3,0,0.27348612671654565,0.24999999999999997,0.0,0.01690807394932789,3,1,0,0,0,1
3,0,0.32359053177057695,0.24999999999999997,0.0,0.01690807394932789,3,0,1,0,0,1
3,1,0.04801630397340462,0.0,0.2222222222222222,0.04298993693898376,3,1,0,0,0,1
3,1,0.36116883556110047,0.375,0.11111111111111109,0.04298993693898376,5,0,1,0,0,1
3,1,0.32359053177057695,0.125,0.11111111111111109,0.04298993693898376,3,1,0,0,0,1
3,0,0.010438000182881157,0.125,0.11111111111111109,0.023780217875537836,3,1,0,0,0,1
3,0,0.2233817216625143,0.125,0.11111111111111109,0.015330377421392337,3,0,1,0,0,1
3,0,0.44885154440565533,0.0,0.2222222222222222,0.023780217875537836,3,1,0,0,0,1
3,0,0.3486427342975926,0.0,0.0,0.015411575213749286,1,0,1,1,0,0
3,1,0.3110644305070691,0.0,0.0,0.014110458666029571,1,0,1,1,0,0
3,0,0.3486427342975926,0.0,0.0,0.01410226081199354,1,0,1,1,0,0
3,0,0.46137764566916317,0.0,0.0,0.018713553707264775,1,1,0,0,0,1
3,0,0.3486427342975926,0.0,0.0,0.015411575213749286,1,0,1,0,0,1
3,1,0.3486427342975926,0.0,0.0,0.11027245763075773,1,0,1,0,0,1
3,0,0.3486427342975926,0.0,0.0,0.11027245763075773,1,0,1,0,0,1
3,1,0.27348612671654565,0.0,0.0,0.014151057562208039,1,1,0,0,0,1
3,0,0.3486427342975926,0.0,0.0,0.015126992566498257,1,0,1,0,1,0
3,1,0.32359053177057695,0.0,0.0,0.11027245763075773,1,0,1,0,0,1
3,0,0.36116883556110047,0.0,0.0,0.018510168852370702,1,0,1,0,0,1
3,0,0.36116883556110047,0.0,0.0,0.015175789316712762,1,0,1,0,0,1
3,0,0.27348612671654565,0.0,0.0,0.015175789316712762,1,0,1,0,0,1
3,1,0.27348612671654565,0.0,0.0,0.01410226081199354,1,0,1,1,0,0
3,0,0.3486427342975926,0.375,0.11111111111111109,0.049707687947515,5,0,1,0,0,1
3,0,0.3486427342975926,0.375,0.11111111111111109,0.049707687947515,5,1,0,0,0,1
3,0,0.3486427342975926,0.375,0.11111111111111109,0.049707687947515,5,1,0,0,0,1
3,0,0.3486427342975926,0.375,0.11111111111111109,0.049707687947515,5,1,0,0,0,1
3,0,0.3486427342975926,0.0,0.4444444444444444,0.049707687947515,5,1,0,0,0,1
3,0,0.398747139351624,0.0,0.0,0.015468569817999829,1,0,1,0,0,1
3,0,0.4300623925103936,0.0,0.0,0.012565163180236455,1,0,1,1,0,0
3,0,0.3486427342975926,0.125,0.0,0.030253985132996514,2,1,0,0,1,0
3,0,0.3486427342975926,0.125,0.0,0.030253985132996514,2,0,1,0,1,0
3,0,0.44885154440565533,0.0,0.0,0.0,1,0,1,0,0,1
3,0,0.48642984819617885,0.0,0.0,0.04713766070721715,1,0,1,0,0,1
3,0,0.2985383292435613,0.0,0.0,0.018542765081513993,1,0,1,0,0,1
3,0,0.3110644305070691,0.0,0.0,0.015175789316712762,1,1,0,0,0,1
3,0,0.5615864557772259,0.0,0.0,0.015126992566498257,1,1,0,0,0,1
3,0,0.44885154440565533,0.125,0.0,0.03035157863342554,2,0,1,0,0,1
3,0,0.3736949368246083,0.125,0.0,0.03035157863342554,2,1,0,0,0,1
3,1,0.24843392418952998,0.125,0.0,0.015468569817999829,2,0,1,0,0,1
3,0,0.3486427342975926,0.0,0.0,0.01537917417160685,1,0,1,0,1,0
3,0,0.3486427342975926,0.0,0.0,0.11027245763075773,1,0,1,0,0,1
3,0,0.3486427342975926,0.0,0.0,0.014736618564782172,1,0,1,0,0,1
3,0,0.3736949368246083,0.125,0.0,0.031425107138144774,2,0,1,0,0,1
3,0,0.32359053177057695,0.125,0.0,0.031425107138144774,2,1,0,0,0,1
3,0,0.3486427342975926,0.0,0.0,0.01537917417160685,1,0,1,0,0,1
3,0,0.2546969748212839,0.0,0.0,0.014151057562208039,1,0,1,0,0,1
3,1,0.3361166330340848,0.0,0.0,0.01690807394932789,1,0,1,0,0,1
3,0,0.6367430633582729,0.0,0.0,0.013768881414528006,1,0,1,0,0,1
3,1,0.28601222798005344,0.0,0.0,0.015330377421392337,1,1,0,0,0,1
3,1,0.398747139351624,0.0,0.0,0.014793613169032722,1,0,1,0,0,1
3,0,0.3486427342975926,0.0,0.0,0.015411575213749286,1,0,1,0,0,1
3,0,0.3486427342975926,0.0,0.0,0.014736618564782172,1,0,1,0,0,1
3,1,0.3486427342975926,0.0,0.0,0.015126992566498257,1,1,0,0,1,0
3,1,0.2985383292435613,0.0,0.0,0.013939670040278782,1,0,1,0,0,1
3,0,0.27348612671654565,0.0,0.0,0.013907073811135498,1,0,1,0,0,1
3,0,0.3486427342975926,0.0,0.0,0.01537917417160685,1,1,0,0,1,0
3,0,0.3486427342975926,0.0,0.0,0.015126992566498257,1,0,1,0,1,0
3,0,0.3486427342975926,0.0,0.0,0.015712553569072384,1,0,1,0,0,1
3,0,0.36116883556110047,0.0,0.0,0.015468569817999829,1,0,1,0,0,1
3,1,0.3486427342975926,0.0,0.0,0.014110458666029571,1,0,1,1,0,0
3,0,0.3799579874563622,0.0,0.0,0.015126992566498257,1,1,0,0,1,0
3,1,0.3486427342975926,0.0,0.0,0.015102594191390997,1,1,0,0,1,0
3,0,0.3486427342975926,0.0,0.0,0.014110458666029571,1,0,1,1,0,0
3,0,0.4363254431421475,0.0,0.0,0.015411575213749286,1,0,1,1,0,0
3,0,0.4112732406151318,0.0,0.0,0.015411575213749286,1,0,1,0,0,1
3,1,0.3486427342975926,0.0,0.0,0.01410226081199354,1,1,0,1,0,0
3,0,0.3486427342975926,0.0,0.0,0.015411575213749286,1,0,1,1,0,0
3,1,0.3486427342975926,0.0,0.0,0.015126992566498257,1,1,0,0,1,0
3,1,0.3486427342975926,0.0,0.0,0.015126992566498257,1,0,1,0,1,0
3,1,0.3486427342975926,0.24999999999999997,0.0,0.04538097769949478,3,1,0,0,1,0
3,1,0.3486427342975926,0.24999999999999997,0.0,0.04538097769949478,3,1,0,0,1,0
3,1,0.3486427342975926,0.24999999999999997,0.0,0.04538097769949478,3,0,1,0,1,0
3,1,0.3486427342975926,0.0,0.0,0.015200187691820022,1,1,0,0,1,0
3,0,0.3486427342975926,0.0,0.0,0.030253985132996514,1,0,1,0,1,0
3,1,0.3486427342975926,0.0,0.0,0.01537917417160685,1,1,0,0,1,0
3,1,0.18580341787199078,0.0,0.0,0.01567195467289391,1,1,0,0,1,0
3,0,0.4363254431421475,0.0,0.0,0.015126992566498257,1,1,0,0,1,0
3,0,0.3486427342975926,0.0,0.0,0.015126992566498257,1,0,1,0,1,0
3,0,0.2985383292435613,0.125,0.0,0.031425107138144774,2,0,1,0,0,1
3,0,0.23590782292602214,0.125,0.0,0.031425107138144774,2,1,0,0,0,1
3,0,0.3486427342975926,0.0,0.0,0.015126992566498257,1,1,0,0,1,0
3,0,0.3486427342975926,0.0,0.0,0.015712553569072384,1,1,0,0,0,1
3,0,0.3486427342975926,0.0,0.0,0.015712553569072384,1,1,0,0,0,1
3,0,0.6931105190440581,0.0,0.0,0.015712553569072384,1,0,1,0,0,1
3,0,0.3486427342975926,0.0,0.0,0.015126992566498257,1,0,1,0,1,0
3,1,0.2609600254530378,0.0,0.0,0.015175789316712762,1,0,1,0,0,1
3,0,0.3486427342975926,0.0,0.0,0.015712553569072384,1,0,1,0,0,1
3,0,0.2985383292435613,0.0,0.0,0.015411575213749286,1,0,1,0,0,1
3,0,0.2609600254530378,0.0,0.0,0.015411575213749286,1,0,1,0,0,1
3,0,0.3486427342975926,0.0,0.0,0.015411575213749286,1,0,1,0,0,1
3,0,0.3486427342975926,0.0,0.0,0.015411575213749286,1,0,1,0,0,1
3,1,0.3486427342975926,0.0,0.0,0.01537917417160685,1,1,0,0,1,0
3,0,0.3110644305070691,0.0,0.0,0.014931805565640215,1,0,1,0,0,1
3,1,0.0730685065004203,0.0,0.11111111111111109,0.024349578357040748,2,0,1,0,0,1
3,1,0.3361166330340848,0.0,0.11111111111111109,0.024349578357040748,2,1,0,0,0,1
3,0,0.3486427342975926,0.0,0.0,0.015712553569072384,1,0,1,0,0,1
3,1,0.3486427342975926,0.125,0.0,0.04713766070721715,2,1,0,0,1,0
3,0,0.3486427342975926,0.125,0.0,0.04713766070721715,2,0,1,0,1,0
3,0,0.3486427342975926,0.0,0.0,0.016509502093575774,1,0,1,0,1,0
3,0,0.42379934187863966,0.0,0.0,0.015712553569072384,1,0,1,0,0,1
3,0,0.3486427342975926,0.0,0.0,0.015126992566498257,1,0,1,0,1,0
3,1,0.3486427342975926,0.0,0.0,0.015175789316712762,1,0,1,0,0,1
3,1,0.3486427342975926,0.125,0.11111111111111109,0.029757819776815374,3,0,1,1,0,0
3,1,0.3486427342975926,0.125,0.11111111111111109,0.029757819776815374,3,0,1,1,0,0
3,1,0.3486427342975926,0.0,0.2222222222222222,0.029757819776815374,3,1,0,1,0,0
3,1,0.3486427342975926,0.0,0.0,0.014110458666029571,1,1,0,1,0,0
3,0,0.3486427342975926,0.0,0.0,0.015712553569072384,1,0,1,0,0,1
3,1,0.3486427342975926,0.0,0.0,0.015094396337354966,1,1,0,0,1,0
3,1,0.2985383292435613,0.0,0.0,0.015126992566498257,1,1,0,0,1,0
3,0,0.3486427342975926,0.0,0.0,0.015712553569072384,1,0,1,0,0,1
3,1,0.3486427342975926,0.125,0.0,0.030253985132996514,2,1,0,0,1,0
3,1,0.3486427342975926,0.125,0.0,0.030253985132996514,2,1,0,0,1,0
3,1,0.3486427342975926,0.0,0.0,0.030253985132996514,1,1,0,0,1,0
3,0,0.2233817216625143,0.0,0.0,0.015126992566498257,1,0,1,0,0,1
3,0,0.27348612671654565,0.0,0.0,0.015411575213749286,1,0,1,0,0,1
3,1,0.18580341787199078,0.0,0.0,0.01410226081199354,1,1,0,1,0,0
3,1,0.010438000182881157,0.0,0.2222222222222222,0.030725752114070408,3,1,0,1,0,0
3,1,0.24843392418952998,0.125,0.11111111111111109,0.030725752114070408,3,0,1,1,0,0
3,1,0.23590782292602214,0.125,0.11111111111111109,0.030725752114070408,3,1,0,1,0,0
3,0,0.4112732406151318,0.0,0.0,0.015712553569072384,1,0,1,0,0,1
3,0,0.3486427342975926,0.0,0.0,0.015411575213749286,1,0,1,0,0,1
3,0,0.3486427342975926,0.0,0.0,0.014110458666029571,1,0,1,1,0,0
3,0,0.3486427342975926,0.0,0.0,0.015126992566498257,1,1,0,0,1,0
3,0,0.3486427342975926,0.0,0.0,0.015411575213749286,1,0,1,0,0,1
3,1,0.14822511408146727,0.125,0.0,0.021942337075458514,2,0,1,1,0,0
3,1,0.17327731660848295,0.125,0.0,0.021942337075458514,2,1,0,1,0,0
3,0,0.36116883556110047,0.0,0.0,0.015468569817999829,1,1,0,0,0,1
3,0,0.3486427342975926,0.0,0.0,0.015712553569072384,1,0,1,0,0,1
3,1,0.2233817216625143,0.0,0.0,0.015175789316712762,1,1,0,0,0,1
3,1,0.32359053177057695,0.0,0.0,0.015330377421392337,1,1,0,0,0,1
3,0,0.2609600254530378,0.0,0.0,0.015330377421392337,1,0,1,0,0,1
3,0,0.5114820507231945,0.0,0.0,0.013907073811135498,1,0,1,0,0,1
3,1,0.48642984819617885,0.0,0.0,0.015468569817999829,1,0,1,0,0,1
3,0,0.2609600254530378,0.0,0.0,0.015224586066927275,1,0,1,0,0,1
3,0,0.35490578492934655,0.0,0.0,0.014110458666029571,1,0,1,1,0,0
3,1,0.27348612671654565,0.0,0.0,0.015126992566498257,1,1,0,0,0,1
3,0,0.7620040759933512,0.0,0.0,0.01217478917852037,1,0,1,0,0,1
3,0,0.3486427342975926,0.125,0.0,0.030253985132996514,2,0,1,0,1,0
3,0,0.3486427342975926,0.0,0.0,0.015281580671177825,1,0,1,0,1,0
3,1,0.3486427342975926,0.125,0.0,0.030253985132996514,2,1,0,0,1,0
3,0,0.3486427342975926,0.0,0.0,0.015094396337354966,1,0,1,0,1,0
3,0,0.3486427342975926,0.0,0.0,0.015126992566498257,1,0,1,0,1,0
3,0,0.3486427342975926,0.0,0.0,0.015126992566498257,1,0,1,0,1,0
3,0,0.28601222798005344,0.0,0.0,0.01800600082915438,1,0,1,0,0,1
3,0,0.3486427342975926,0.0,0.0,0.015126992566498257,1,1,0,0,1,0
3,1,0.3486427342975926,0.0,0.0,0.015126992566498257,1,1,0,0,1,0
3,1,0.3486427342975926,0.0,0.0,0.01537917417160685,1,1,0,0,1,0
3,1,0.27348612671654565,0.0,0.0,0.015175789316712762,1,1,0,0,0,1
3,1,0.3486427342975926,0.0,0.0,0.015126992566498257,1,0,1,0,1,0
3,1,0.3486427342975926,0.0,0.0,0.015281580671177825,1,1,0,0,1,0
3,1,0.11064681029094381,0.0,0.11111111111111109,0.006188989423206795,2,0,1,0,0,1
3,0,0.3486427342975926,0.0,0.0,0.04396587194327397,1,0,1,0,0,1
3,0,0.5240081519867024,0.0,0.11111111111111109,0.016403905926111566,2,0,1,0,0,1
3,0,0.3486427342975926,0.0,0.0,0.014273049437744323,1,0,1,0,0,1
3,0,0.38622103808811614,0.0,0.0,0.015330377421392337,1,1,0,0,0,1
3,0,0.3486427342975926,0.0,0.0,0.015330377421392337,1,0,1,0,0,1
3,1,0.398747139351624,0.0,0.0,0.015175789316712762,1,0,1,0,0,1
3,0,0.24843392418952998,0.0,0.0,0.01800600082915438,1,0,1,0,0,1
3,0,0.28601222798005344,0.0,0.0,0.01690807394932789,1,1,0,0,0,1
3,0,0.24843392418952998,0.0,0.0,0.01690807394932789,1,1,0,0,0,1
3,0,0.24843392418952998,0.0,0.0,0.01690807394932789,1,0,1,0,0,1
3,0,0.19832951913549865,0.0,0.0,0.017989800308083156,1,0,1,0,0,1
3,1,0.38622103808811614,0.0,0.0,0.016948672845506357,1,1,0,0,0,1
3,0,0.3486427342975926,0.0,0.0,0.01489120666946174,1,1,0,0,1,0
3,0,0.02296410144638894,0.375,0.11111111111111109,0.04113566043083236,5,0,1,0,0,1
3,0,0.0730685065004203,0.375,0.11111111111111109,0.04113566043083236,5,0,1,0,0,1
3,0,0.03549020270989678,0.375,0.11111111111111109,0.04113566043083236,5,1,0,0,0,1
3,0,0.09812070902743592,0.375,0.11111111111111109,0.04113566043083236,5,1,0,0,0,1
3,0,0.36116883556110047,0.0,0.4444444444444444,0.04113566043083236,5,1,0,0,0,1
3,0,0.010438000182881157,0.5,0.11111111111111109,0.07746484096553544,6,0,1,0,0,1
3,0,0.08559460776392813,0.5,0.11111111111111109,0.07746484096553544,6,0,1,0,0,1
3,0,0.02296410144638894,0.5,0.11111111111111109,0.07746484096553544,6,0,1,0,0,1
3,0,0.19832951913549865,0.5,0.11111111111111109,0.07746484096553544,6,0,1,0,0,1
3,0,0.17327731660848295,0.5,0.11111111111111109,0.07746484096553544,6,0,1,0,0,1
3,0,0.5114820507231945,0.0,0.5555555555555555,0.07746484096553544,6,1,0,0,0,1
3,0,0.2609600254530378,0.0,0.0,0.01690807394932789,1,0,1,0,0,1
3,0,0.23590782292602214,0.0,0.0,0.02830211512441609,1,0,1,0,0,1
3,0,0.3486427342975926,0.0,0.0,0.017005667449756914,1,0,1,1,0,0
3,0,0.398747139351624,0.0,0.0,0.015411575213749286,1,0,1,0,0,1
3,0,0.007306474867004142,0.125,0.11111111111111109,0.02688700936819529,3,0,1,0,0,1
3,0,0.03549020270989678,0.125,0.11111111111111109,0.02688700936819529,3,1,0,0,0,1
3,0,0.32359053177057695,0.0,0.2222222222222222,0.02688700936819529,3,1,0,0,0,1
3,0,0.3486427342975926,0.0,0.0,0.013663090060062943,1,0,1,0,0,1
3,0,0.3486427342975926,0.0,0.0,0.015175789316712762,1,0,1,0,0,1
3,0,0.3486427342975926,0.0,0.0,0.015712553569072384,1,0,1,0,0,1
3,0,0.2609600254530378,0.0,0.0,0.015468569817999829,1,0,1,0,0,1
3,0,0.3110644305070691,0.0,0.0,0.015468569817999829,1,0,1,0,0,1
3,0,0.27348612671654565,0.0,0.0,0.014151057562208039,1,0,1,0,0,1
3,1,0.3110644305070691,0.125,0.0,0.015175789316712762,2,0,1,0,0,1
3,1,0.3486427342975926,0.125,0.11111111111111109,0.04364049521284362,3,0,1,1,0,0
3,1,0.3486427342975926,0.125,0.11111111111111109,0.04364049521284362,3,1,0,1,0,0
3,1,0.3486427342975926,0.0,0.2222222222222222,0.04364049521284362,3,1,0,1,0,0
3,0,0.3486427342975926,0.0,0.0,0.015883342194823166,1,1,0,0,1,0
3,0,0.2985383292435613,0.0,0.0,0.015712553569072384,1,0,1,0,0,1
3,0,0.3486427342975926,0.0,0.0,0.015411575213749286,1,1,0,0,0,1
3,0,0.23590782292602214,0.0,0.0,0.015411575213749286,1,0,1,0,0,1
3,0,0.3486427342975926,0.0,0.0,0.015411575213749286,1,0,1,0,0,1
3,0,0.3110644305070691,0.125,0.0,0.015175789316712762,2,0,1,0,0,1
3,0,0.2233817216625143,0.0,0.0,0.015175789316712762,1,1,0,0,0,1
3,1,0.398747139351624,0.0,0.0,0.015712553569072384,1,0,1,0,0,1
3,0,0.3486427342975926,0.0,0.0,0.015411575213749286,1,0,1,0,0,1
3,0,0.21085562039900646,0.0,0.0,0.01690807394932789,1,0,1,0,0,1
3,0,0.2985383292435613,0.0,0.0,0.01690807394932789,1,0,1,0,0,1
3,0,0.3486427342975926,0.0,0.0,0.015411575213749286,1,0,1,0,0,1
3,0,0.3486427342975926,0.0,0.0,0.01583454544460866,1,1,0,0,0,1
3,0,0.3486427342975926,0.0,0.0,0.014110458666029571,1,0,1,1,0,0
3,0,0.3486427342975926,0.0,0.0,0.014151057562208039,1,0,1,0,0,1
3,0,0.473903746932671,0.0,0.0,0.015411575213749286,1,0,1,0,0,1
3,0,0.2609600254530378,0.0,0.0,0.015712553569072384,1,0,1,0,0,1
3,0,0.12317291155445162,0.5,0.11111111111111109,0.05684821399990475,6,0,1,0,1,0
3,0,0.04801630397340462,0.5,0.11111111111111109,0.05684821399990475,6,0,1,0,1,0
3,0,0.08559460776392813,0.5,0.11111111111111109,0.05684821399990475,6,0,1,0,1,0
3,0,0.02296410144638894,0.5,0.11111111111111109,0.05684821399990475,6,0,1,0,1,0
3,0,0.09812070902743592,0.5,0.11111111111111109,0.05684821399990475,6,0,1,0,1,0
3,0,0.48642984819617885,0.0,0.5555555555555555,0.05684821399990475,6,1,0,0,1,0
3,0,0.27348612671654565,0.0,0.0,0.07746484096553544,1,1,0,0,0,1
3,0,0.4363254431421475,0.0,0.0,0.013907073811135498,1,0,1,0,0,1
3,1,0.3486427342975926,0.0,0.0,0.015069997962247714,1,1,0,0,1,0
3,0,0.3486427342975926,0.0,0.0,0.02830211512441609,1,0,1,0,0,1
3,0,0.3486427342975926,0.0,0.0,0.02830211512441609,1,1,0,0,0,1
3,0,0.6242169620947651,0.125,0.0,0.02830211512441609,2,0,1,0,0,1
3,0,0.5866386583042416,0.125,0.0,0.02830211512441609,2,1,0,0,0,1
3,0,0.3486427342975926,0.0,0.0,0.015712553569072384,1,0,1,0,0,1
3,0,0.3486427342975926,0.0,0.0,0.015175789316712762,1,0,1,0,0,1
3,0,0.02296410144638894,0.125,0.11111111111111109,0.03945217254843175,3,1,0,0,0,1
3,0,0.2233817216625143,0.125,0.11111111111111109,0.03945217254843175,3,0,1,0,0,1
3,0,0.5114820507231945,0.0,0.2222222222222222,0.03945217254843175,3,1,0,0,0,1
3,1,0.3486427342975926,0.0,0.0,0.015712553569072384,1,1,0,0,0,1
3,0,0.6242169620947651,0.0,0.0,0.015712553569072384,1,0,1,0,0,1
3,0,0.19832951913549865,0.0,0.0,0.015712553569072384,1,0,1,0,0,1
3,1,0.3486427342975926,0.0,0.0,0.015126992566498257,1,0,1,0,1,0
3,0,0.3486427342975926,0.0,0.0,0.04713766070721715,1,0,1,0,1,0
3,0,0.3486427342975926,0.0,0.0,0.014110458666029571,1,0,1,1,0,0
3,0,0.3110644305070691,0.0,0.0,0.01410226081199354,1,0,1,1,0,0
3,0,0.3486427342975926,0.0,0.0,0.01410226081199354,1,0,1,1,0,0
3,0,0.3486427342975926,0.0,0.0,0.015086393670319782,1,0,1,0,1,0
3,0,0.3486427342975926,0.0,0.0,0.014785415314996678,1,0,1,0,0,1
3,0,0.48016679756442493,0.0,0.0,0.014151057562208039,1,0,1,0,0,1
3,0,0.3486427342975926,1.0,0.2222222222222222,0.13575255909676825,11,0,1,0,0,1
3,0,0.1795403672402369,1.0,0.2222222222222222,0.13575255909676825,11,0,1,0,0,1
3,0,0.3486427342975926,1.0,0.2222222222222222,0.13575255909676825,11,1,0,0,0,1
3,0,0.3486427342975926,1.0,0.2222222222222222,0.13575255909676825,11,1,0,0,0,1
3,0,0.3486427342975926,1.0,0.2222222222222222,0.13575255909676825,11,1,0,0,0,1
3,0,0.3486427342975926,1.0,0.2222222222222222,0.13575255909676825,11,1,0,0,0,1
3,0,0.3486427342975926,1.0,0.2222222222222222,0.13575255909676825,11,0,1,0,0,1
3,0,0.3486427342975926,1.0,0.2222222222222222,0.13575255909676825,11,0,1,0,0,1
3,0,0.3486427342975926,1.0,0.2222222222222222,0.13575255909676825,11,0,1,0,0,1
3,0,0.3486427342975926,0.125,0.9999999999999999,0.13575255909676825,11,0,1,0,0,1
3,0,0.3486427342975926,0.125,0.9999999999999999,0.13575255909676825,11,1,0,0,0,1
3,0,0.2985383292435613,0.0,0.0,0.01820118783001242,1,0,1,0,0,1
3,1,0.2609600254530378,0.0,0.0,0.014931805565640215,1,1,0,0,0,1
3,0,0.48642984819617885,0.0,0.0,0.015468569817999829,1,0,1,0,0,1
3,0,0.3486427342975926,0.24999999999999997,0.0,0.04231498029001665,3,0,1,1,0,0
3,0,0.3486427342975926,0.24999999999999997,0.0,0.04231498029001665,3,0,1,1,0,0
3,0,0.3486427342975926,0.24999999999999997,0.0,0.04231498029001665,3,0,1,1,0,0
3,1,0.010438000182881157,0.125,0.11111111111111109,0.03259622914329302,3,1,0,0,0,1
3,1,0.2985383292435613,0.0,0.2222222222222222,0.03259622914329302,3,1,0,0,0,1
3,1,0.04801630397340462,0.125,0.11111111111111109,0.03259622914329302,3,1,0,0,0,1
3,1,0.3110644305070691,0.0,0.0,0.018542765081513993,1,0,1,0,0,1
3,0,0.24843392418952998,0.0,0.0,0.015712553569072384,1,0,1,0,0,1
3,0,0.3048013798753152,0.0,0.0,0.015712553569072384,1,0,1,0,0,1
3,0,0.3486427342975926,0.0,0.0,0.015078195816283751,1,0,1,0,1,0
3,0,0.3486427342975926,0.0,0.0,0.015411575213749286,1,0,1,0,0,1
3,0,0.3486427342975926,0.0,0.0,0.015126992566498257,1,0,1,0,1,0
3,1,0.36116883556110047,0.0,0.0,0.018542765081513993,1,0,1,0,0,1
3,0,0.3486427342975926,0.0,0.0,0.02947323712956435,1,0,1,0,0,1
3,1,0.3486427342975926,0.0,0.0,0.015183987170748807,1,1,0,0,1,0
3,0,0.3486427342975926,0.0,0.0,0.015712553569072384,1,0,1,0,0,1
3,0,0.3486427342975926,0.0,0.0,0.015712553569072384,1,0,1,0,0,1
3,0,0.27348612671654565,0.0,0.0,0.014110458666029571,1,0,1,1,0,0
3,0,0.3486427342975926,0.0,0.0,0.015712553569072384,1,0,1,0,0,1
3,0,0.4989559494596867,0.0,0.0,0.015411575213749286,1,0,1,0,0,1
3,0,0.2609600254530378,0.0,0.0,0.015468569817999829,1,0,1,0,0,1
3,1,0.2233817216625143,0.0,0.0,0.01463082721031711,1,1,0,0,0,1
3,0,0.04801630397340462,0.375,0.2222222222222222,0.05445717323939373,6,0,1,0,0,1
3,0,0.12317291155445162,0.375,0.2222222222222222,0.05445717323939373,6,0,1,0,0,1
3,0,0.11064681029094381,0.375,0.2222222222222222,0.05445717323939373,6,1,0,0,0,1
3,0,0.02296410144638894,0.375,0.2222222222222222,0.05445717323939373,6,1,0,0,0,1
3,0,0.4989559494596867,0.125,0.4444444444444444,0.05445717323939373,6,0,1,0,0,1
3,0,0.5615864557772259,0.125,0.4444444444444444,0.05445717323939373,6,1,0,0,0,1
3,0,0.3486427342975926,0.0,0.0,0.015411575213749286,1,0,1,0,0,1
3,0,0.3486427342975926,0.0,0.0,0.015712553569072384,1,0,1,0,0,1
3,0,0.3486427342975926,0.0,0.0,0.01690807394932789,1,0,1,0,0,1
3,0,0.3486427342975926,0.0,0.0,0.015126992566498257,1,0,1,0,1,0
3,1,0.3486427342975926,0.0,0.0,0.015094396337354966,1,1,0,0,1,0
3,0,0.23590782292602214,0.0,0.0,0.014931805565640215,1,0,1,0,0,1
3,0,0.3736949368246083,0.0,0.0,0.015712553569072384,1,0,1,0,0,1
3,0,0.3486427342975926,0.0,0.0,0.015712553569072384,1,0,1,0,0,1
3,0,0.398747139351624,0.0,0.0,0.015712553569072384,1,0,1,0,0,1
3,0,0.3486427342975926,0.0,0.0,0.015411575213749286,1,0,1,0,0,1
3,0,0.4112732406151318,0.0,0.0,0.01690807394932789,1,0,1,1,0,0
3,1,0.28601222798005344,0.0,0.0,0.014736618564782172,1,1,0,0,0,1
3,0,0.2609600254530378,0.0,0.0,0.015712553569072384,1,0,1,0,0,1
3,0,0.7557410253615973,0.0,0.0,0.02821271947802311,1,0,1,0,0,1
3,0,0.23590782292602214,0.0,0.0,0.015411575213749286,1,0,1,0,0,1
3,0,0.27348612671654565,0.0,0.0,0.019201521209409877,1,1,0,0,0,1
3,1,0.38622103808811614,0.0,0.0,0.015468569817999829,1,0,1,0,0,1
3,0,0.3361166330340848,0.0,0.0,0.01690807394932789,1,0,1,0,0,1
3,0,0.02296410144638894,0.0,0.11111111111111109,0.020421439964772643,2,1,0,0,0,1
3,0,0.36116883556110047,0.125,0.11111111111111109,0.020421439964772643,3,1,0,0,0,1
3,1,0.19832951913549865,0.0,0.0,0.015712553569072384,1,0,1,0,0,1
3,1,0.549060354513718,0.0,0.0,0.015468569817999829,1,0,1,0,0,1
3,0,0.3110644305070691,0.0,0.0,0.013760683560491968,1,0,1,0,0,1
3,0,0.924843392418953,0.0,0.0,0.015175789316712762,1,0,1,0,0,1
3,1,0.17327731660848295,0.0,0.0,0.01800600082915438,1,0,1,0,0,1
3,0,0.2985383292435613,0.0,0.0,0.015216388212891244,1,0,1,0,0,1
3,1,0.3110644305070691,0.0,0.0,0.015216388212891244,1,0,1,0,0,1
3,0,0.42379934187863966,0.0,0.0,0.015712553569072384,1,0,1,0,0,1
3,1,0.0031315253158769596,0.0,0.11111111111111109,0.016623491302076868,2,0,1,1,0,0
3,0,0.3486427342975926,0.125,0.0,0.012565163180236455,2,0,1,1,0,0
3,0,0.3486427342975926,0.0,0.0,0.012565163180236455,1,0,1,1,0,0
3,0,0.3486427342975926,0.0,0.0,0.01410226081199354,1,0,1,1,0,0
3,1,0.19832951913549865,0.125,0.11111111111111109,0.016623491302076868,3,1,0,1,0,0
3,0,0.3486427342975926,0.0,0.0,0.015712553569072384,1,0,1,0,0,1
3,0,0.3486427342975926,0.125,0.0,0.031425107138144774,2,0,1,0,0,1
3,1,0.3486427342975926,0.125,0.0,0.031425107138144774,2,1,0,0,0,1
3,0,0.398747139351624,0.0,0.0,0.015468569817999829,1,0,1,0,0,1
3,0,0.3486427342975926,0.0,0.0,0.015126992566498257,1,0,1,0,1,0
3,0,0.3486427342975926,0.0,0.0,0.015411575213749286,1,0,1,0,0,1
3,0,0.3799579874563622,0.0,0.0,0.015712553569072384,1,0,1,0,0,1
3,0,0.549060354513718,0.0,0.0,0.015712553569072384,1,0,1,0,0,1
3,0,0.3486427342975926,0.0,0.0,0.014110458666029571,1,0,1,1,0,0
3,1,0.3110644305070691,0.0,0.0,0.0,1,0,1,0,0,1
3,0,0.3486427342975926,0.0,0.0,0.014110458666029571,1,0,1,1,0,0
3,1,0.08559460776392813,0.125,0.11111111111111109,0.029757819776815374,3,0,1,1,0,0
3,1,0.11064681029094381,0.125,0.11111111111111109,0.029757819776815374,3,1,0,1,0,0
3,1,0.36116883556110047,0.0,0.2222222222222222,0.029757819776815374,3,1,0,1,0,0
3,0,0.44885154440565533,0.0,0.0,0.015411575213749286,1,0,1,0,0,1
3,1,0.2233817216625143,0.0,0.0,0.019209719063445922,1,1,0,0,0,1
3,1,0.7870562785203667,0.0,0.0,0.018713553707264775,1,1,0,0,0,1
3,0,0.3486427342975926,0.125,0.11111111111111109,0.02830211512441609,3,0,1,0,0,1
3,0,0.14196206344971338,0.125,0.11111111111111109,0.02830211512441609,3,0,1,0,0,1
3,0,0.5052190000914406,0.0,0.2222222222222222,0.02830211512441609,3,0,1,0,0,1
3,0,0.12317291155445162,0.0,0.2222222222222222,0.04713766070721715,3,1,0,0,0,1
3,0,0.44885154440565533,0.125,0.11111111111111109,0.04713766070721715,3,0,1,0,0,1
3,0,0.3736949368246083,0.125,0.11111111111111109,0.04713766070721715,3,1,0,0,0,1
3,0,0.3486427342975926,0.0,0.0,0.018542765081513993,1,0,1,0,0,1
3,0,0.4112732406151318,0.0,0.0,0.018542765081513993,1,0,1,0,0,1
3,0,0.3486427342975926,0.0,0.0,0.018542765081513993,1,0,1,0,0,1
3,0,0.3486427342975926,0.0,0.0,0.018542765081513993,1,0,1,0,0,1
3,0,0.5866386583042416,0.0,0.0,0.01756683007722378,1,0,1,0,0,1
3,0,0.2233817216625143,0.24999999999999997,0.0,0.03513366015444757,3,1,0,0,0,1
3,0,0.38622103808811614,0.375,0.0,0.03513366015444757,4,0,1,0,0,1
3,0,0.19832951913549865,0.24999999999999997,0.0,0.03513366015444757,3,0,1,0,0,1
3,0,0.38622103808811614,0.125,0.0,0.03513366015444757,2,1,0,0,0,1
3,1,0.27348612671654565,0.0,0.0,0.01410226081199354,1,0,1,1,0,0
3,0,0.24843392418952998,0.0,0.0,0.015330377421392337,1,0,1,0,0,1
3,0,0.17327731660848295,0.0,0.0,0.015330377421392337,1,1,0,0,0,1
3,0,0.27348612671654565,0.0,0.0,0.015411575213749286,1,0,1,0,0,1
3,0,0.27348612671654565,0.0,0.0,0.01756683007722378,1,0,1,0,0,1
3,0,0.3486427342975926,0.0,0.0,0.015712553569072384,1,0,1,0,0,1
3,0,0.3486427342975926,0.0,0.0,0.014736618564782172,1,0,1,0,0,1
3,0,0.3486427342975926,0.0,0.0,0.015712553569072384,1,0,1,0,0,1
3,0,0.4050101899833779,0.0,0.0,0.018542765081513993,1,0,1,0,0,1
3,1,0.473903746932671,0.0,0.0,0.014110458666029571,1,1,0,1,0,0
3,0,0.6367430633582729,0.0,0.0,0.015126992566498257,1,0,1,0,0,1
3,0,0.2233817216625143,0.125,0.0,0.012678957201736687,2,0,1,0,0,1
3,0,0.2609600254530378,0.125,0.0,0.012678957201736687,2,0,1,0,0,1
3,1,0.5866386583042416,0.125,0.0,0.013663090060062943,2,1,0,0,0,1
3,0,0.3486427342975926,0.0,0.0,0.017005667449756914,1,0,1,0,0,1
3,0,0.3486427342975926,0.0,0.0,0.014736618564782172,1,0,1,0,0,1
3,0,0.3486427342975926,0.0,0.0,0.015712553569072384,1,0,1,0,0,1
3,0,0.35490578492934655,0.0,0.0,0.031425107138144774,1,0,1,0,0,1
3,0,0.2609600254530378,0.0,0.0,0.014151057562208039,1,0,1,0,0,1
3,0,0.3361166330340848,0.0,0.0,0.01690807394932789,1,0,1,0,0,1
3,0,0.3486427342975926,0.0,0.0,0.014151057562208039,1,0,1,0,0,1
3,0,0.44885154440565533,0.0,0.0,0.018542765081513993,1,0,1,0,0,1
3,0,0.3361166330340848,0.125,0.0,0.02821271947802311,2,0,1,1,0,0
3,1,0.18580341787199078,0.125,0.0,0.02821271947802311,2,1,0,1,0,0
3,0,0.5678495064089797,0.0,0.0,0.01410226081199354,1,0,1,1,0,0
3,0,0.3486427342975926,0.0,0.0,0.01410226081199354,1,0,1,1,0,0
3,0,0.3486427342975926,0.0,0.0,0.028220722145058295,1,0,1,1,0,0
3,0,0.1795403672402369,0.125,0.0,0.02821271947802311,2,1,0,1,0,0
3,0,0.3486427342975926,0.125,0.0,0.02821271947802311,2,1,0,1,0,0
3,0,0.32985358240233087,0.0,0.0,0.01410226081199354,1,0,1,1,0,0
3,0,0.3361166330340848,0.0,0.0,0.01410226081199354,1,0,1,1,0,0
3,0,0.36116883556110047,0.0,0.0,0.015370976317570811,1,0,1,0,0,1
